asset_id,user_id,purchase_date,warranty_end,vendor,model,cpu,ram_gb,storage_gb,storage_type,os_version,location,status,retire_date,ticket_count_last_6m,bsod_cnt_30d,battery_cycle,battery_design_cap,battery_full_cap,cpu_temp_max,gpu_temp_max,thermal_throttle_cnt,smart_realloc,smart_pending,disk_errors_30d,uptime_hours_7d,patch_missing_cnt,label_failure_90d,label_retire_180d
ASSET-10000,U1409,2022-01-31,01-26-2023,acer,Swift 3,i7-8650U,,1024,NVMe,Windows 10,Singapore,in_use,,0,1,133,"5,200",4148,80,,0,0,0.0,,28.4,1.0,0,0
ASSET-10001,U8527,05-26-2020,16-May-2022,msi,Modern 14,Ryzen 5 4500U,32,1024 GB,HDD,macOS 13,HN,in_use,,0,0,221,4000,,65 C,68,0,0,,0,25.2,2,0,0
ASSET-10002,U4752,12-May-2019,2021/5/1,Hp,EliteBook 840,i7-8650U,8,1024,NVMe,Ubuntu 22.04,HN,in_use,,0,0,209,5200.0,3672,73 C,88,,0,0,1,,,0,0
ASSET-10003,U5119,,02-01-2022,A pple,MacBook Pro 14,Ryzen 5 4500U,,512,SSD,Ubuntu 22.04,Hue,in_use,,2,1,463,"4,500",2693,65,,0,0,0,0,,1.0,0,0
ASSET-10004,U2403,2024-06-13,2025-06-08,dell,Latitude 5420,i5-1135G7,32,512,NVMe,Windows 11,DN,retired,2025-08-15,2,0,387.0,5800,5122 mAh,85,78,0,,,0,9.8,,0,1
ASSET-10005,U5562,11-Jun-2024,06-Jun-2025,Asuss,ZenBook 14,M2,8,512,HDD,Windows 11,HCM,in_use,,0,0,—,4000.0,3487 mAh,88,71,,0,0.0,0,60.1,3,0,0
ASSET-10006,U3724,23-Jul-2023,12/07/2025,LENOVO,T14 Gen2,M1,8,256,HDD,Windows 10,Hue,in_use,,0,0,313,,"3,525",78,54,1,0,,0,23.8,5,0,0
ASSET-10007,U7615,05-06-2020,2023/4/21,LENOVO,T14 Gen2,i5-8250U,32,256,HDD,macOS 13,Singapore,in_use,,1,0,224,5800,,83,69,0,,0,0,32.6,2,0,0
ASSET-10008,U9666,02-Feb-2019,17-Jan-2022,ACER,Aspire 5,Ryzen 5 4500U,32,256,SSD,Ubuntu 22.04,HCM,in_repair,,0,0,275,4000,3242,93,—,0.0,0,,0,1.6,1,1,0
ASSET-10009,U9938,28/05/2019,2021-05-17,acer,Swift 3,i5-1135G7,16,256,SSD,Ubuntu 22.04,DN,in_use,,0,0,296,4000,2884,80,,3,,0.0,,16.6,2,0,0
ASSET-10010,U4644,2021-03-28,18-Mar-2023,LENOVO,L14,i7-1185G7,8,256,NVMe,Windows 11,Hue,in_use,,0,0,167.0,,3807,74,80,0,,0,0.0,40.2,2.0,0,0
ASSET-10011,U1027,30-Oct-2024,2027/10/15,LENOVO,L14,i7-1185G7,16 GB,512,SSD,Ubuntu 22.04,Singapore,in_use,,0,0,245,,3162,75 C,79,,0,0.0,0,15.4,0,0,0
ASSET-10012,U9375,2024-04-22,07/04/2027,ACER,Swift 3,i7-8650U,,"1,024",NVMe,macOS 13,DN,in_use,,2,0,494,4000,,82.0,82,,0,0,0,43.5,,0,0
ASSET-10013,U8611,07-25-2019,07-09-2022,Âcer,TravelMate P2,i7-8650U,16,256,HDD,macOS 13,Singapore,in_use,,0,0,117,5800,5357,71,80,0,0,0,0,48.3,1,0,0
ASSET-10014,U3267,09/09/2020,09-04-2021,asus,ZenBook 14,i5-1135G7,32,256,SSD,macOS 12,Hue,in_use,,1,1,,5000,4840,75,96,0,0.0,0,0,18.6,4,0,0
ASSET-10015,U6507,2023-07-15,2026-06-29,lenovo,L14,M2,8,1024 GB,NVMe,Windows 10,Hue,in_use,,1,2,5000,5800 mAh,3613,65,67,0.0,0,0,0,,1,0,0
ASSET-10016,U1333,2020-09-16,11-Sep-2021,Dell,Latitude 7420,i7-8650U,32,256,HDD,Ubuntu 22.04,DN,in_use,,0,1,458,4500,3409,84 C,81,,0,0,0,46.1,4,0,0
ASSET-10017,U7071,10-10-2019,,H-P,Envy 13,i5-8250U,16,512,SSD,macOS 12,DN,in_use,,0,0,338,5200,3654,84,65 C,0,0,0,0,35.3,2,0,0
ASSET-10018,U4475,12-24-2022,13/12/2024,dell,Precision 3560,Ryzen 5 4500U,32,256,NVMe,Windows 11,HCM,in_use,,0,1,—,"4,500",2647,72,78,0,0,0.0,0,82.9 h,3,0,0
ASSET-10019,U4033,2021/2/23,2022-02-18,ACER,TravelMate P2,Ryzen54500U,32,"1,024",NVMe,macOS 13,DN,in_use,,1,0,395,4000,2536,,68,0,0,0,0,33.6,,1,0
ASSET-10020,U1878,,08-Sep-2021,Âcer,TravelMate P2,Ryzen 5 4500U,8,256,SSD,macOS 13,Hue,in_repair,,0,0,190,5800,3236,76,88,0,0,0,,,,0,0
ASSET-10021,U5720,,02-16-2025,lenovo,T14 Gen2,i7-8650U,,,HDD,macOS 13,Tokyo,in_repair,,0,0,104,4500,4160,78,,0,0,0,0,49.2,—,0,0
ASSET-10022,U4750,26-Mar-2019,2022-03-10,Lenov0,T480,i5-8250U,8.0,512 GB,NVMe,macOS 12,DN,in_repair,,0,0,—,,3772.0,80,66,0.0,0,,—,28.2,—,0,0
ASSET-10023,U7770,08-11-2019,2020/8/5,Asuss,VivoBook 15,M2,32,512,SSD,Windows 11,DN,in_use,,0,0,,5800,4664,—,66,0,0,—,1,57.5,2,0,0
ASSET-10024,U3369,2023/4/21,15/04/2024,Delll,Precision 3560,i7-8650U,16,512 GB,HDD,macOS 13,DN,retired,2024-07-03,2,0,238,4000 mAh,3156,78,80,1,0.0,0,0.0,34.6,5,0,1
ASSET-10025,U2644,2023-12-09,2024-12-03,DELL,XPS 13,M2,8,1024,SSD,macOS 12,Tokyo,in_use,,0,0,208,4500,3895 mAh,83,65,0,0,,,39.8,0,0,0
ASSET-10026,U8269,12/11/2020,10-28-2023,Âcer,Swift 3,i5-8250U,,,SSD,Ubuntu 22.04,DN,in_use,,0,0,176,5000,"3,932",79,,0,0,0,,11.0,5,0,0
ASSET-10027,U5097,02-15-2024,04/02/2026,Hp,Envy 13  ,M1,16 GB,,SSD,macOS 12,Singapore,in_use,,1,0,88,5000,3523,77,65,0,0,0,0,39.0,3,0,0
ASSET-10028,U1645,19-Jun-2022,2024/6/8,ACER,TravelMate P2,Ryzen 7 4800U,32,256,SSD,Ubuntu 22.04,DN,in_use,,1,1,310,5200,4667,81,72 C,—,0,,0,64.0,1,0,0
ASSET-10029,U8451,18-Feb-2023,02/02/2026,ASUS,ZenBook 14,Ryzen 5 4500U,,512,NVMe,Ubuntu 22.04,HCM,in_use,,0,2,572,"4,500",2394.0,,70,0,0,—,2,,2,1,0
ASSET-10030,U7686,19-Feb-2022,14/02/2023,msi,Prestige 14  ,i7-1185G7,16,512,SSD,Ubuntu 22.04,HCM,in_use,,0,0,101,—,"5,123",87,67,,0.0,0,0,37.7,1,0,0
ASSET-10031,U5542,2020-08-15,2021/8/10,DELL,Latitude 5420  ,i5-1135G7,,1024.0,SSD,Windows 11,HCM,in_use,,0,1,—,,4887,80 C,69,0,0,0,0,8.0,3,0,0
ASSET-10032,U2768,2024-07-01,06-16-2027,apple,MacBook Pro 14,Ryzen 7 4800U,32,256,SSD,Windows 11,DN,retired,07-18-2025,0,0,317.0,5800,—,79,82,0,0,0.0,0,69.8.0,1,0,1
ASSET-10033,U2099,2020-01-09,03-Jan-2021,DELL,Precision 3560,i7-8650U,32,1024,HDD,Windows 11,Singapore,in_use,,0,0,431.0,4000,,89,79,—,0,,0,37.3,3.0,1,0
ASSET-10034,U1430,31-Dec-2021,12-26-2022,Asus,ROG Zephyrus G14,Ryzen 5 4500U,16 GB,512,SSD,Windows 11,HN,in_use,,1,0,,"5,800",4321 mAh,61,71,0,,0,,—,1,0,0
ASSET-10035,U6655,,,asus,ZenBook 14,M2,,"1,024",HDD,Windows 10,HN,in_use,,1,0,159.0,,3551,,64 C,0,0,0,0,,2,0,0
ASSET-10036,U8033,15/07/2023,29/06/2026,msi,Prestige 14,Ryzen 5 4500U,8,512,SSD,Ubuntu 22.04,HN,in_use,,0,0,195,5800 mAh,"4,536",77 C,70 C,,0,—,0,34.5,2.0,0,0
ASSET-10037,U2234,2020-12-26,11-Dec-2023,Delll,Latitude 7420,M2,32,1024 GB,NVMe,macOS 13,DN,in_use,,1,0,,5000,,80 C,99,0,0,—,0,62.4 h,1,0,0
ASSET-10038,U9214,09/09/2020,04-Sep-2021,H-P,Envy 13,Ryzen 7 4800U,32 GB,256,NVMe,Windows 11,HCM,in_use,,0,0,203.0,4500 mAh,2644,91,79,,—,0,0,70.5,1,0,0
ASSET-10039,U3112,14/12/2019,03-Dec-2021,HP,Envy 13,Ryzen 7 4800U,8,,NVMe,macOS 13,HCM,in_use,,0,0,5000,,"4,622",93,59,0,0,0,0,51.3,1,1,0
ASSET-10040,U7731,2023-02-01,16-Jan-2026,apple,MacBook Pro 13,M2,32,512,NVMe,macOS 12,HN,in_use,,0,1,-75,5800,4945,81,71.0,,,0,0,,2,0,0
ASSET-10041,U3626,01-22-2022,12/01/2024,Hp,EliteBook 840,i7-8650U,,512,HDD,Windows 10,Hue,retired,08-Feb-2024,1,0,331,4000,3167,,67,0,0,,0,33.9,,0,1
ASSET-10042,U2821,,2023-03-21,Asus,VivoBook 15,i5-8250U,8,512,NVMe,macOS 13,Hue,in_use,,0,0,,4000 mAh,2653,,61,1,0.0,0,0,51.5,2,0,0
ASSET-10043,U1266,2023/1/2,28/12/2023,HP,ZBook 15,i7-8650U,32,1024,HDD,Windows 11,HCM,in_use,,0,1,,,3814,76,,0,0,0,0,45.1,1.0,0,0
ASSET-10044,U6438,01-24-2022,2023/1/19,M S I,Modern 14,M1,16.0,1024.0,HDD,macOS 12,DN,in_use,,0,0,430,,"3,154",—,68 C,0,0,0,,40.4,2,0,0
ASSET-10045,U2229,22-Jul-2023,07-11-2025,msi,Modern 14,i5-1135G7,,,NVMe,macOS 12,HCM,in_use,,0,1,551,4500 mAh,2376,,,0.0,0,0,0,,,1,0
ASSET-10046,U9047,30-Mar-2021,2022-03-25,ASUS,VivoBook 15,i7-8650U,16,256,NVMe,macOS 12,HCM,in_use,,0,0,310,5000,3391,,75,,0,,0,34.6 h,1,0,0
ASSET-10047,U8842,11-23-2024,11-13-2026,acer,TravelMate P2,i7-8650U,8,512,NVMe,Windows 10,Hue,in_use,,0,0,153,5200,"4,578",,75,0,0,0,1,,,0,0
ASSET-10048,U3526,12-02-2020,11-17-2023,Lenvo,T14 Gen2,Ryzen 7 4800U,32,256,SSD,Windows 10,HCM,in_use,,0,0,269,5800,4390,92,77,2,,,0.0,13.2,4,0,0
ASSET-10049,U7070,10/10/2024,09-25-2027,apple,MacBook Pro 13,i7-1185G7,16,256,HDD,macOS 12,HN,in_use,,2,1,583,4500,4725,,,0,0,0,0,—,3.0,0,0
ASSET-10050,U8710,16-Mar-2022,2025-02-28,H-P,Envy 13,i7-8650U,,256,HDD,Ubuntu 22.04,Hue,in_use,,0,0,74,"5,000",3554,68,—,0,0.0,0,1.0,77.0,0,0,0
ASSET-10051,U8761,28-Oct-2024,2026-10-18,DELL,XPS 13,i5-1135G7,16,1024,HDD,Windows 11,Hue,in_use,,0,0,468,,3654 mAh,—,72.0,0,0,0,0,43.2,2,0,0
ASSET-10052,U3421,09-19-2021,14/09/2022,Delll,Precision 3560,i7-8650U,,,HDD,Ubuntu 22.04,Hue,in_use,,0,0,193,4500 mAh,3446,75,85,,0,0.0,0.0,33.1,3,0,0
ASSET-10053,U4684,04/05/2022,23-Apr-2024,H-P,ZBook 15,M2,16,512,HDD,macOS 13,Tokyo,in_use,,0,0,244,"5,000","4,451",88,78 C,0,0,0,0,17.4,2,0,0
ASSET-10054,U4814,2019/8/4,29/07/2020,Lenov0,T14 Gen2,M2,8,1024 GB,SSD,Windows 10,Singapore,in_use,,0,0,335,4500,—,91,62,0,0,0,,6.6,,0,0
ASSET-10055,U1151,2022-05-07,2025-04-21,H-P,EliteBook 840,Ryzen 7 4800U,—,,NVMe,macOS 13,Singapore,in_use,,0,0,564,"5,200",,66,83,0,0,,0,0.0,1,0,0
ASSET-10056,U6301,13-Oct-2021,08-Oct-2022,dell,Precision 3560  ,i7-1185G7,16,512.0,HDD,Ubuntu 22.04,Singapore,in_use,,0,1,245,5800,4300,300,—,0,0,0,0,,,0,0
ASSET-10057,U4578,10-10-2021,2024/9/24,M S I,GF65,i7-8650U,,512,NVMe,Ubuntu 22.04,HCM,in_use,,0,1,352,5800,2932,82,90,1,,,0.0,54.4,5,1,0
ASSET-10058,U1742,2023-10-02,2025/9/21,Delll,Latitude 5420,i5-8250U,8,512,SSD,Ubuntu 22.04,Hue,in_use,,1,0,206.0,—,3392,82,,0,—,0,0.0,,2,0,0
ASSET-10059,U9715,03-Apr-2023,28-Mar-2024,Asus,VivoBook 15,Ryzen 7 4800U,8,512,SSD,Windows 10,HCM,in_use,,0,0,97,5200,"3,974",,77.0,0,0,0,,9.6,1,0,0
ASSET-10060,U4881,2022/5/21,16-May-2023,msi,Prestige 14  ,Ryzen 5 4500U,16,256 GB,NVMe,macOS 13,Tokyo,retired,2024/5/13,0,0,596,4500,3343.0,65,,1,0,0,0,,0,0,1
ASSET-10061,U4331,14-Sep-2022,2025/8/29,Dell,XPS 13,M2,16,256,NVMe,Windows 11,HCM,in_use,,1,1,471,5000,3883,67 C,75,,0,0,—,52.2,1,0,0
ASSET-10062,U5637,09-Apr-2023,03-29-2025,Asuss,VivoBook 15,Ryzen 7 4800U,16,512,HDD,macOS 13,Hue,in_use,,0,2,,5200,4061,,60,1,0,0,,39.2,4,0,0
ASSET-10063,U9037,2024/3/2,2025-02-25,M S I,Prestige 14,Ryzen 7 4800U,8,,NVMe,macOS 13,Hue,in_use,,0,0,402,,,,69,,,0,0,,3,0,0
ASSET-10064,U1194,2019/3/10,2022/2/22,asus,VivoBook 15,Ryzen 5 4500U,8,"1,024",NVMe,macOS 12,HN,in_use,,0,1,312.0,4000 mAh,3639.0,73,84,0,0,0,1,6.4,2,0,0
ASSET-10065,U2354,09/08/2024,2026/7/30,Lenvo,T14 Gen2,Ryzen74800U,,256,NVMe,Windows 10,HN,in_use,,0,0,36,4500,,71,71,0,0,0,1,44.7 h,,0,0
ASSET-10066,U7288,2020/7/27,12/07/2023,Asuss,VivoBook 15,Ryzen 7 4800U,8,256,HDD,Windows 11,HCM,in_use,,0,2,131,"5,000",4036,79 C,,0,0.0,0,0,27.5,,0,0
ASSET-10067,U2745,01-10-2020,2021-01-04,HP,ZBook 15,i7-8650U,8,256,SSD,macOS 12,Hue,retired,08-08-2021,4,0,216,,5042.0,86,75,0,0,0,0,32.5,,0,1
ASSET-10068,U8933,11-12-2019,2021/11/1,Apple,MacBook Air,i7-1185G7,32,1024,HDD,macOS 13,Singapore,in_use,,1,0,342.0,4500 mAh,3600,83,90,,0.0,0,0,39.3,0,0,0
ASSET-10069,U6339,21-Mar-2023,2025/3/10,MSI,Modern 14,M1,16,256.0,NVMe,Windows 11,Singapore,in_repair,,0,0,569,5800,2320,71,82.0,0,0,0,0,46.9,8,0,0
ASSET-10070,U7853,2019-05-31,05-20-2021,M S I,GF65,i7-8650U,8 GB,256,NVMe,Ubuntu 22.04,HN,in_use,,0,0,—,—,"4,477",87,64,0,0,0.0,0,43.8,2,0,0
ASSET-10071,U3321,2022/11/27,16-Nov-2024,Lenovo,T480,i7-1185G7,—,512,HDD,macOS 12,HCM,in_use,,0,0,306,5200,,74,76,,,0,0,41.0,2.0,0,0
ASSET-10072,U8037,05-12-2023,05-06-2024,apple,MacBook Pro 14,i7-1185G7,16,1024,SSD,macOS 13,HCM,in_use,,0,0,319,5800 mAh,3740 mAh,—,58 C,0,,0,1,47.3,0,0,0
ASSET-10073,U9369,11/05/2023,04-30-2025,HP,ProBook 450,M1,16,256,HDD,macOS 13,Tokyo,in_use,,0,0,221,4500,,77 C,67,0,1.0,0,0,77.6,,0,0
ASSET-10074,U8492,2024/7/21,06/07/2027,HP,ProBook 450,i7-8650U,16,1024,HDD,macOS 13,HCM,in_use,,0,0,,"5,200",3460,—,79,—,0,0,1,15.5,2,0,0
ASSET-10075,U1972,2022/12/7,2025-11-21,M S I,Modern 14,i5-1135G7,16,1024.0,HDD,Ubuntu 22.04,Singapore,in_use,,1,0,,"5,000",3805,76,,,0.0,0,0,33.1 h,,0,0
ASSET-10076,U7600,,2027/9/27,M S I,Modern 14,Ryzen 7 4800U,16,512 GB,HDD,macOS 13,HCM,in_use,,0,1,286,4000,3864,72 C,88,0,,0,0,56.8,2,0,0
ASSET-10077,U8230,13/02/2024,07/02/2025,MSI,Modern 14  ,Ryzen 5 4500U,8,512,SSD,Ubuntu 22.04,DN,retired,2025-04-23,0,0,202.0,—,—,74,,1,0,0,,18.1 h,,0,1
ASSET-10078,U7022,10-May-2022,05-May-2023,LENOVO,X1 Carbon,i5-1135G7,,1024.0,SSD,Windows 10,Singapore,in_use,,0,1,660,5800,—,—,88,0,0.0,0,0,,0,0,0
ASSET-10079,U4366,2024-10-21,2027/10/6,Lenvo,X1 Carbon  ,M1,,1024 GB,SSD,Windows 11,Hue,in_use,,0,0,287,5200 mAh,5302,83.0,66,,0,0,,51.5,,0,0
ASSET-10080,U9209,29/08/2023,18/08/2025,acer,TravelMate P2,i7-8650U,32 GB,1024,NVMe,macOS 13,HN,in_use,,1,0,404,5000,4045,85,77.0,0,0,0,0,—,3,0,0
ASSET-10081,U6680,,2027-10-28,DELL,Precision 3560,Ryzen 5 4500U,8,512,SSD,Ubuntu 22.04,Tokyo,in_use,,0,0,5000,4000,,74,,,0,0,0,—,3,0,0
ASSET-10082,U7274,06-Sep-2020,09-01-2021,apple,MacBook Air,M1,,512,SSD,macOS 12,Tokyo,retired,,0,2,392,,2982.0,75,56,1,0,—,0,15.5 h,1,0,0
ASSET-10083,U9954,2021-10-01,2022/9/26,A pple,MacBook Pro 13,M1,8,256,NVMe,Ubuntu 22.04,Tokyo,in_use,,1,0,5000,,2936,92,—,0,0,0,0,28.5 h,2,1,0
ASSET-10084,U3141,27-Aug-2021,,Apple,MacBook Pro 14,Ryzen 7 4800U,—,—,NVMe,Ubuntu 22.04,DN,in_use,,0,1,348,"5,200",,64 C,71,1,0,0,—,16.9,2,0,0
ASSET-10085,U2494,,2023/10/3,H-P,ProBook 450,i5-8250U,32,,HDD,Windows 11,HCM,in_use,,0,0,,5200,3535,,71,0.0,0,0,0,49.5,2,0,0
ASSET-10086,U3007,24-Jun-2019,2021/6/13,lenovo,X1 Carbon,M1,,512,HDD,Windows 10,Hue,in_use,,0,0,174,5200,4306,84,83,—,0.0,0.0,0,33.9,0,0,0
ASSET-10087,U9921,08/06/2024,29-May-2026,HP,Envy 13,Ryzen 5 4500U,8 GB,256,HDD,macOS 13,HN,retired,05-06-2026,0,0,356,,"3,436",78,78,0,0,0,0,38.4,2,0,1
ASSET-10088,U6761,08-05-2020,2023/7/21,Asus,ZenBook 14,M2,32,512,SSD,macOS 12,HCM,retired,,1,1,,4000,4200,71,75 C,,0,0,0,45.5,2,0,0
ASSET-10089,U6285,12/07/2020,2021-07-07,Hp,ZBook 15,M1,,512,NVMe,Ubuntu 22.04,HN,in_use,,0,1,202,,4323,94,80,0.0,0,0,,46.2,2,1,0
ASSET-10090,U4899,2022/11/21,2024-11-10,Acer,Swift 3,i7-8650U,32,,NVMe,Ubuntu 22.04,Hue,in_use,,0,0,345.0,4000.0,,77.0,74,1.0,0.0,0,0,35.1,3,0,0
ASSET-10091,U2715,31-Oct-2019,20/10/2021,Hp,ZBook 15,M1,8,1024,SSD,macOS 13,HCM,in_use,,1,0,444.0,,3840 mAh,69,60.0,0,0,0,0,7.1,—,0,0
ASSET-10092,U2435,2022-04-21,04-05-2025,Lenovo,L14,M2,8,256,SSD,Windows 11,HN,in_use,,0,0,—,5000,,60,65 C,1,0,0,0,16.9,,0,0
ASSET-10093,U4727,07/09/2019,08-27-2021,A pple,MacBook Pro 14  ,M1,32,1024,HDD,macOS 13,HN,in_repair,,0,0,70,,4363,84,78,,0,,,,0,0,0
ASSET-10094,U2425,,23/04/2026,Acer,Swift 3,Ryzen 7 4800U,16,1024,HDD,Windows 10,Tokyo,in_use,,0,0,151,5800,3389,—,84,0,0.0,0.0,0.0,20.4,1,0,0
ASSET-10095,U7581,06-08-2019,28-May-2021,Âcer,TravelMate P2,Ryzen 7 4800U,32,256,SSD,macOS 12,DN,in_repair,,0,0,266,5000,3298,5 C,57,2,—,0,0,48.8.0,0,0,0
ASSET-10096,U9303,07-11-2023,,lenovo,X1 Carbon,i5-8250U,8,256,SSD,Windows 10,HN,in_use,,0,1,,,3024 mAh,72,,0,0,0.0,,15.1,3,0,0
ASSET-10097,U4511,25-Jun-2021,06-09-2024,MSI,GF65,i7-1185G7,16,1024,HDD,macOS 13,HCM,in_use,,0,0,196,4000,2498,95.0,61 C,1.0,0,0,0,46.2,0.0,1,0
ASSET-10098,U2771,27/05/2024,2025/5/22,HP,ZBook 15,Ryzen 5 4500U,32,512,HDD,Ubuntu 22.04,Tokyo,in_use,,0,0,69,5000,3950,89,56,0,0.0,0.0,,11.3,3,0,0
ASSET-10099,U9311,2022/5/14,09-May-2023,acer,Aspire 5,i5-1135G7,16,256,HDD,Windows 11,Tokyo,in_repair,,0,0,13,5000,2532.0,82,62 C,0,0,—,,25.8,2,1,0
ASSET-10100,U7768,2019/8/10,,Asus,VivoBook 15,i7-1185G7,,512,NVMe,macOS 12,HN,in_use,,1,0,,"5,000",2824,,89,1,0,—,0,20.2,1.0,0,0
ASSET-10101,U1230,12/08/2022,27/07/2025,ACER,Aspire 5,i5-8250U,32,"1,024",SSD,Windows 11,Tokyo,in_use,,0,0,394,5000,4735 mAh,68,67,0.0,0,0.0,,11.9,3,0,0
ASSET-10102,U3017,2023-02-10,25-Jan-2026,Lenovo,T14 Gen2,i5-8250U,16,1024.0,HDD,macOS 13,Singapore,in_use,,1,1,139.0,4000,2466,,69,2,0,0,0,83.1,5,0,0
ASSET-10103,U9154,03-24-2021,2024-03-08,lenovo,T480,Ryzen 5 4500U,32,,HDD,macOS 12,DN,in_use,,1,0,—,—,3995,75,74,1,,0,0,46.4,1,0,0
ASSET-10104,U5760,15/01/2023,30-Dec-2025,M S I,Modern 14,i7-8650U,8 GB,256 GB,SSD,Windows 11,Tokyo,in_use,,0,1,—,4500.0,3508,97,69,1,0.0,0,,,0,1,0
ASSET-10105,U7221,08-Jan-2023,23-Dec-2025,Apple,MacBook Pro 13,i5-1135G7,16,512,SSD,macOS 12,Hue,in_use,,0,0,151,4000,3033,82 C,71,0,—,0,0,49.7 h,2,0,0
ASSET-10106,U9283,06-Apr-2024,27-Mar-2026,Âcer,Swift 3,i7-8650U,16,512,SSD,Ubuntu 22.04,DN,in_repair,,0,0,196,4000,2962,—,68,0,—,0.0,0,,—,0,0
ASSET-10107,U8474,28/10/2022,2024/10/17,Âcer,TravelMate P2,i7-1185G7,16,512 GB,NVMe,macOS 13,Singapore,in_repair,,0,0,190,5200,"2,833",76,61,,,,0,4.0,—,0,0
ASSET-10108,U2765,08-25-2023,08-19-2024,Delll,XPS 13,i7-8650U,16,512,NVMe,macOS 13,Singapore,retired,,0,0,,4500,2619,,71 C,0,0,0,0.0,16.1,2,0,0
ASSET-10109,U3263,18-Aug-2023,2026/8/2,apple,MacBook Pro 13,Ryzen 5 4500U,,1024,HDD,macOS 13,Tokyo,in_use,,0,0,293,,4368,76,65,0,0,0,0,60.8,0,0,0
ASSET-10110,U1414,2023/4/10,04-04-2024,ASUS,ZenBook 14,i5-8250U,8 GB,512,SSD,Ubuntu 22.04,Tokyo,in_use,,1,0,411,5000,3974,88,86,0.0,0,0,0,80.3,,0,0
ASSET-10111,U5117,04-11-2021,26-Mar-2024,lenovo,T480,M2,8,,NVMe,Ubuntu 22.04,Singapore,in_repair,,0,0,,5800,3651 mAh,88.0,63,,0,0,0.0,13.4,,0,0
ASSET-10112,U6866,2019-10-26,10-10-2022,Hp,Envy 13,i7-1185G7,8 GB,1024 GB,SSD,macOS 13,HN,in_use,,0,0,449,5200,3309,66,85,0,,0,0,49.1,0,0,0
ASSET-10113,U7322,2021/11/16,2024-10-31,MSI,Modern 14,i5-8250U,—,512,NVMe,macOS 13,Hue,in_use,,2,1,624,5200,5092,82,76,0,0,0,0,61.5,2,0,0
ASSET-10114,U8523,2022/9/20,2023-09-15,Delll,Latitude 5420,i5-8250U,,512,NVMe,Windows 10,Singapore,in_use,,0,1,266,4500,3188,80,79,0,,0,—,36.7,5,0,0
ASSET-10115,U3234,21-May-2023,05-May-2026,Asus,ZenBook 14  ,i5-1135G7,16,1024,NVMe,Ubuntu 22.04,HCM,in_use,,0,0,342,5800,4697,72 C,67.0,0,0,,0,51.7,,0,0
ASSET-10116,U5762,10-03-2019,2021/9/22,ASUS,ZenBook 14,M2,16,512,SSD,Windows 11,HCM,in_use,,0,0,,5000,4425,73,,0,0,0,0,65.8,1.0,0,0
ASSET-10117,U8978,21-Mar-2020,2021/3/16,M S I,Prestige 14,i7-8650U,16,256,NVMe,Windows 11,DN,in_use,,0,0,236,,"2,691",69,74,0,,0.0,0,69.1,2,0,0
ASSET-10118,U3717,06-Oct-2024,01/10/2025,Lenov0,T14 Gen2,i5-1135G7,32,1024,NVMe,Windows 11,Tokyo,in_use,,0,0,408,5200,3609 mAh,91,68,,0,—,0,9.5,1,1,0
ASSET-10119,U2275,2024-10-17,07/10/2026,Asuss,ROG Zephyrus G14,i7-1185G7,32,512,HDD,Ubuntu 22.04,Hue,in_use,,0,0,,5200 mAh,3459,—,85,0,0,0,0,80.1,,0,0
ASSET-10120,U9399,2019-06-10,2022/5/25,DELL,Latitude 7420,i5-1135G7,16,256,NVMe,macOS 12,Singapore,in_use,,0,0,467,"5,800",3785.0,,78,0,0,0,,23.1,1,0,0
ASSET-10121,U9564,08-27-2024,12-Aug-2027,Lenvo,T14 Gen2,i5-1135G7,32,256,SSD,macOS 12,Singapore,in_use,,0,2,279,,5969,69,68.0,0.0,0,0,0.0,45.2,1,0,0
ASSET-10122,U8817,08-10-2021,2022/8/5,DELL,XPS 13,M1,16.0,256,SSD,Windows 10,Singapore,in_use,,0,0,-20,5800,5021,62,73,2.0,0,0,0,,3,0,0
ASSET-10123,U2951,30-Jul-2021,20/07/2023,MSI,GF65,i5-1135G7,,—,NVMe,macOS 12,DN,in_use,,0,0,,5800,2320.0,,80,—,,0.0,0,55.6,2,1,0
ASSET-10124,U4190,18/05/2019,2022/5/2,Dell,XPS 13,i7-1185G7,32 GB,256 GB,NVMe,Windows 10,DN,in_use,,0,0,168,4500,2816,,—,0,0,0,0.0,39.6,0,0,0
ASSET-10125,U7670,04-Sep-2024,08-30-2025,Hp,ProBook 450,Ryzen 5 4500U,16,256,NVMe,Ubuntu 22.04,Singapore,in_use,,0,1,187,5800,2320,,—,,0,0,0,34.4,1,1,0
ASSET-10126,U6603,08-Nov-2019,2022/10/23,ACER,TravelMate P2,i7-1185G7,32,512,SSD,Windows 11,Hue,retired,31-Aug-2021,0,0,,—,2528,80,59,0,0,0,,25.3,3,0,1
ASSET-10127,U4638,09/06/2020,06-04-2021,Hp,Envy 13,M1,16,1024,SSD,macOS 13,DN,in_use,,1,0,,"5,200",4195,92 C,71,0,0,0,0,23.4,2.0,1,0
ASSET-10128,U3148,07-25-2021,20-Jul-2022,apple,MacBook Pro 13,i7-1185G7,32,512,HDD,Windows 11,HN,in_use,,0,0,"5,000",4500,"2,883",76,,—,,0,0,30.3,—,0,0
ASSET-10129,U6638,03-23-2019,12-Mar-2021,msi,Prestige 14,i7-1185G7,,1024,NVMe,macOS 13,HN,in_use,,2,0,157,5000,3988,77,71,1.0,0,0.0,0,,5.0,0,0
ASSET-10130,U6950,2024/11/3,24/10/2026,HP,Envy 13,i5-1135G7,—,256,NVMe,Windows 11,Tokyo,in_use,,0,0,354,,4776,87,76,—,0,—,0,59.7 h,3,0,0
ASSET-10131,U1575,,2024/12/21,Delll,Latitude 5420,M2,32,512 GB,NVMe,macOS 12,HN,in_repair,,1,0,398,5800,3519,81 C,90,0,,0,0,18.6 h,5,0,0
ASSET-10132,U5799,2021/8/5,31-Jul-2022,msi,Prestige 14,i7-1185G7,16,1024,HDD,macOS 12,HN,in_use,,1,0,304,4500,3194,92,74,1,0,,,,—,1,0
ASSET-10133,U9764,,26/03/2020,DELL,Latitude 5420,M2,32 GB,256,SSD,Windows 10,HN,retired,2020/6/2,0,1,,—,2945,,67,0.0,0,,0,59.9,1.0,0,1
ASSET-10134,U4263,2024/3/2,15/02/2027,Dell,Latitude 5420,i7-1185G7,,512,NVMe,Ubuntu 22.04,DN,in_use,,0,0,414,"4,500",—,65,83 C,,0,—,0,,,0,0
ASSET-10135,U3583,09-Aug-2024,08-04-2025,lenovo,T14 Gen2,Ryzen 7 4800U,32,256,SSD,Ubuntu 22.04,Tokyo,in_use,,0,1,181.0,4500,3031,,84 C,0,0,,0,60.3,4,0,0
ASSET-10136,U3627,2019-10-10,24/09/2022,Apple,MacBook Air,Ryzen 5 4500U,16,1024 GB,HDD,macOS 12,HCM,in_use,,1,0,,5800,4915,,73,0,,0,0.0,45.1 h,—,0,0
ASSET-10137,U2753,2024-06-11,2025-06-06,Lenvo,T14 Gen2,M1,32,512,NVMe,macOS 13,Tokyo,in_use,,0,0,290,5800,4638,79,78 C,0,0,0,0,,0,0,0
ASSET-10138,U2658,08-04-2021,2024/7/19,Asus,ZenBook 14,i7-1185G7,32,1024,SSD,macOS 13,Tokyo,in_use,,1,0,219.0,—,3920,80,88,0,0,0,0,56.0,1,0,0
ASSET-10139,U9939,05-26-2021,16-May-2023,H-P,ProBook 450,Ryzen 5 4500U,,512,HDD,macOS 12,HCM,in_use,,1,1,57,"4,000",3570,91,71,1,0,0,1,—,1,1,0
ASSET-10140,U7550,06-09-2021,24/05/2024,H-P,EliteBook 840,Ryzen 7 4800U,16,256 GB,HDD,macOS 13,HCM,in_use,,1,0,446,5800.0,4785,,81,0,0,0,0,50.2,,0,0
ASSET-10141,U3509,26/07/2019,07-10-2022,acer,Swift 3,M1,16,,NVMe,macOS 13,HCM,in_use,,0,0,506.0,—,2723,78,,,0,0,0,,2,0,0
ASSET-10142,U2843,08-22-2023,2025-08-11,Hp,EliteBook 840,i7-1185G7,16,512,NVMe,Windows 10,DN,in_use,,0,0,208,,3350,—,65,2,0,,0,9.9,1.0,0,0
ASSET-10143,U4471,2021/4/14,2024-03-29,Acer,TravelMate P2,Ryzen 5 4500U,32,512,NVMe,Windows 11,Tokyo,in_use,,0,0,414,4000,2814,,74,0,0,0.0,—,66.8,0,0,0
ASSET-10144,U9709,2019/12/27,2020-12-21,A pple,MacBook Pro 14,M2,32 GB,1024,SSD,Windows 10,HN,in_use,,0,0,315,5800,2468,77,81,0,0,0,,12.4,4,1,0
ASSET-10145,U4726,2023-09-06,2024/8/31,acer,TravelMate P2,M1,16,1024,HDD,macOS 12,Singapore,in_use,,2,0,,4500,3048,,86,0,0,0,0,—,0,0,0
ASSET-10146,U5485,2020/9/14,09/09/2021,HP,Envy 13,i5-1135G7,8,1024,NVMe,Ubuntu 22.04,Singapore,in_use,,0,0,376,5800,4203,87 C,82,0,,,,44.1,,0,0
ASSET-10147,U8197,,2027/6/14,Lenvo,T14 Gen2,M2,8,512,HDD,Windows 10,Singapore,in_use,,1,0,413,5200,2576,,96,0,0.0,0,0,30.3,4,0,0
ASSET-10148,U3727,2023-09-27,2025/9/16,HP,Envy 13,i5-8250U,32,,SSD,macOS 12,Tokyo,in_use,,0,0,450.0,5200,,89,69,1,0,0,0,55.9,3,0,0
ASSET-10149,U9383,2020/10/16,2022/10/6,Lenov0,L14,i5-8250U,8,512,NVMe,Windows 11,HN,in_use,,0,0,,4500,2628,,69,,0,0,0,55.6,1,0,0
ASSET-10150,U5009,2022/2/13,2025/1/28,ASUS,ZenBook 14,i7-1185G7,—,256,SSD,Windows 10,Tokyo,in_use,,0,0,,"5,000",4961,68,66,3,0,0,0.0,,3,0,0
ASSET-10151,U8713,05/07/2020,30/06/2021,Lenvo,X1 Carbon,Ryzen 5 4500U,16,1024,HDD,macOS 13,HN,in_use,,0,0,297,"4,500",3200,90,77,0,0.0,,0,34.1,5,0,0
ASSET-10152,U2936,2019/4/9,2021-03-29,dell,Latitude 5420  ,i7-8650U,32,256,NVMe,macOS 12,Hue,in_use,,0,0,120,4000,3085 mAh,,92,1.0,0,0,,,0.0,1,0
ASSET-10153,U9797,04/10/2022,09-23-2024,ACER,Aspire 5  ,M1,32,256 GB,NVMe,Ubuntu 22.04,Singapore,in_use,,0,0,5000.0,5000,,81,,—,0,0,0,3.5,4,0,0
ASSET-10154,U2838,2023-03-13,2024-03-07,H-P,ProBook 450,i7-8650U,16 GB,1024,SSD,macOS 12,Singapore,in_use,,0,0,—,4500,3303,99,58,,0.0,0,—,61.7,,0,0
ASSET-10155,U1368,02/07/2022,,ACER,Aspire 5,Ryzen 7 4800U,,256,HDD,Ubuntu 22.04,Singapore,in_repair,,1,0,314,"5,000",4216 mAh,75,,0,0,0,,39.4,1.0,0,0
ASSET-10156,U7284,08-09-2019,08-03-2020,Lenvo,T480  ,i5-1135G7,32,1024,NVMe,macOS 12,Singapore,in_use,,1,0,—,5000,3547,—,68,1,0,0,0,,1,0,0
ASSET-10157,U8987,2019/5/4,04-28-2020,Hp,Envy 13,Ryzen 7 4800U,16 GB,512,SSD,Ubuntu 22.04,DN,in_use,,1,0,269,5800,4920.0,79.0,71,0,0,0.0,0.0,32.2,1,0,0
ASSET-10158,U2276,2024/6/16,06-11-2025,Dell,Latitude 7420,M2,16,1024 GB,SSD,macOS 12,HN,in_use,,1,0,219,,"4,392",,78,0,0,0,0,51.7,1,0,0
ASSET-10159,U5989,11-16-2023,31/10/2026,MSI,GF65  ,i5-8250U,32,—,HDD,Windows 11,DN,retired,11/12/2024,0,0,367,,2015.0,64,70,0,0.0,0.0,0,,,1,1
ASSET-10160,U3359,2024-06-16,2027-06-01,Lenov0,T480,i5-1135G7,8,256 GB,NVMe,macOS 12,Hue,in_use,,0,0,,5800,4421,76,65,0,0.0,0,0.0,36.9,3,0,0
ASSET-10161,U5578,2024/3/19,04-Mar-2027,Acer,TravelMate P2,i7-8650U,,512,NVMe,Windows 10,Tokyo,in_use,,0,1,405,5800,5533 mAh,67 C,44,0,,0,0,43.7,3,0,0
ASSET-10162,U5699,2024/6/8,03/06/2025,H-P,EliteBook 840,i7-8650U,,512,SSD,macOS 13,DN,in_use,,0,0,-20,"5,000",3368,77,56,0,0.0,—,,23.6,,0,0
ASSET-10163,U3740,05-13-2021,2024/4/27,Âcer,TravelMate P2,Ryzen 7 4800U,8,1024 GB,HDD,Windows 10,HCM,in_use,,0,0,468,4500,,69,,0,0,0,0,62.5,,0,0
ASSET-10164,U6488,12-Jan-2022,02/01/2024,acer,Aspire 5,Ryzen 5 4500U,32,"1,024",HDD,macOS 12,Tokyo,in_repair,,1,1,,,,90.0,60,0,0.0,0,0,,4,0,0
ASSET-10165,U2965,20/12/2019,04/12/2022,Âcer,Swift 3,i5-1135G7,8.0,1024,SSD,Ubuntu 22.04,DN,in_use,,1,0,310,5200 mAh,,,46,0.0,0.0,,0,40.3,0,0,0
ASSET-10166,U9857,2023-11-02,2024-10-27,Lenov0,T14 Gen2  ,i7-8650U,16,,HDD,Windows 10,HCM,in_use,,1,1,,4000 mAh,,86 C,71 C,,0,0,0,47.5.0,3,0,0
ASSET-10167,U2985,,30/12/2024,Âcer,Aspire 5,M1,8,1024,NVMe,Windows 10,DN,in_use,,0,0,164,5800,"4,064",82 C,—,0,0,0,0.0,,,0,0
ASSET-10168,U9186,2024-12-27,17/12/2026,Lenov0,X1 Carbon,i5-8250U,16,1024,SSD,macOS 12,HCM,retired,2026-10-05,0,0,267,,1800,84,,0,0,0,1,,4,0,1
ASSET-10169,U9145,2021/6/22,2022-06-17,lenovo,T480,M1,16,,NVMe,macOS 12,DN,in_repair,,0,0,,,"2,857",79,,0.0,,0,0,,4,0,0
ASSET-10170,U1118,04-Jan-2021,2021/12/30,Lenov0,T480,Ryzen 5 4500U,16,1024,HDD,Windows 11,HN,in_use,,1,0,-41,4500,—,74,70,0.0,0,,0,26.1,6,0,0
ASSET-10171,U5528,08-06-2019,2020-07-31,acer,Swift 3,i5-1135G7,32,512,HDD,Windows 11,HN,in_use,,0,0,,4000,2774,,83,0,—,0,0,51.2,2.0,0,0
ASSET-10172,U7759,30-Mar-2021,20-Mar-2023,lenovo,T14 Gen2,i7-8650U,16,1024,HDD,Windows 10,Hue,in_repair,,0,1,448,"4,500",,75,,,0,0,,7.8 h,2,0,0
ASSET-10173,U2416,2023/8/14,29-Jul-2026,msi,Modern 14,i7-1185G7,32,512,HDD,Ubuntu 22.04,HCM,in_use,,0,0,327,5200,5460.0,,66,0,0,0.0,0.0,38.3,5,0,0
ASSET-10174,U7662,11-Jun-2021,06/06/2022,Acer,TravelMate P2,i7-1185G7,,256,SSD,macOS 12,Tokyo,in_use,,0,2,,5000,3998,74,,0,0.0,0,1,48.5,1,0,0
ASSET-10175,U1898,2024/10/9,2027-09-24,Lenvo,X1 Carbon,i5-8250U,8,,HDD,macOS 12,Singapore,in_use,,0,0,302.0,4000,3431,67,63,0,0,0,0,49.4 h,0,0,0
ASSET-10176,U9215,11-27-2024,2025-11-22,Apple,MacBook Air,Ryzen 5 4500U,—,"1,024",HDD,Windows 10,HN,in_use,,0,1,112,5200,4371,85,67,1,0,0,,82.0 h,0,0,0
ASSET-10177,U7745,05/11/2022,2025-10-20,DELL,XPS 13,Ryzen 7 4800U,16,1024,NVMe,macOS 13,Singapore,in_use,,0,0,262,,2851 mAh,65,,2,0,0,0,43.0,2,1,0
ASSET-10178,U5266,23/02/2023,2024/2/18,DELL,Precision 3560,i5-8250U,32,512,HDD,Windows 11,DN,in_use,,0,0,302,5200,,74,78,2,0,0,0,72.3,1,0,0
ASSET-10179,U1656,25/07/2020,2023/7/10,lenovo,L14,Ryzen 5 4500U,8,512,NVMe,Windows 11,Hue,in_use,,3,0,,5000,3479,50,—,0,,0,0,13.5,0,0,0
ASSET-10180,U5663,2022/11/13,2024/11/2,H-P,EliteBook 840,M2,32,,SSD,macOS 12,Tokyo,in_use,,0,1,489,—,"3,612",74,80,0,,0,0,—,1.0,0,0
ASSET-10181,U4264,2021/1/31,01-21-2023,MSI,Modern 14,M2,8,512,NVMe,Ubuntu 22.04,Hue,in_use,,0,0,,5800,"4,950",,65,0,,0,0,19.5,3,0,0
ASSET-10182,U2959,03-09-2023,02-21-2026,apple,MacBook Pro 14,i5-8250U,16.0,256,NVMe,Windows 10,HN,in_use,,1,0,479.0,"5,000",3014,74,76,0,,—,1,69.2,1,0,0
ASSET-10183,U3354,2019/2/22,17-Feb-2020,asus,VivoBook 15,Ryzen 7 4800U,16,512,HDD,Windows 11,HCM,in_use,,0,0,41,4500,3699,73,77.0,0,—,,,42.1 h,2,0,0
ASSET-10184,U5991,28-Apr-2019,12/04/2022,Hp,ProBook 450,i7-1185G7,,1024,SSD,Windows 11,DN,in_repair,,0,0,391,,—,82,79,,—,0,,53.3,2,0,0
ASSET-10185,U2487,08-19-2020,2023/8/4,H-P,EliteBook 840,Ryzen 7 4800U,16,256,NVMe,macOS 13,HN,retired,,0,0,,5800,,85,77,0,0,0,0,,2,0,0
ASSET-10186,U2848,2022-07-11,06-Jul-2023,Delll,Precision 3560,i5-1135G7,16,512,NVMe,Ubuntu 22.04,Singapore,in_use,,1,0,290,4000,"3,272",84,,,0,0,0,,2,0,0
ASSET-10187,U3348,2023-06-06,2025/5/26,Lenov0,T480,i7-8650U,32,256,SSD,Ubuntu 22.04,HN,in_use,,0,0,305,5000,"3,390",71,78,0.0,0,0,0.0,32.2,3,0,0
ASSET-10188,U1486,2020/2/12,2023/1/27,Acer,Swift 3,i7-8650U,16,1024,SSD,Windows 11,Hue,in_use,,0,0,33,"5,800",4705,69,59,0,0,,0,29.3,2,0,0
ASSET-10189,U3897,26-May-2022,,Lenvo,T480,M1,8,512,NVMe,macOS 12,Hue,in_use,,0,1,43,4000 mAh,3670,89,68,1.0,0,0.0,,,2,0,0
ASSET-10190,U2594,20/10/2023,09-Oct-2025,Hp,Envy 13,i7-1185G7,8,,NVMe,Ubuntu 22.04,Singapore,retired,10-11-2024,0,0,527,4000.0,2631,72.0,,0,,0,0,5.1 h,—,0,1
ASSET-10191,U6952,2023/11/21,15-Nov-2024,dell,XPS 13,i7-8650U,32,256,HDD,Ubuntu 22.04,HCM,in_use,,0,0,280,"5,000",3687,79,73.0,0.0,,0,0,23.7,3,0,0
ASSET-10192,U3958,18/03/2019,02-Mar-2022,Âcer,TravelMate P2,i5-1135G7,,512,SSD,macOS 12,DN,in_use,,0,0,398,"5,800",3013,76,74,0.0,0,0,0,40.9,1,1,0
ASSET-10193,U1453,02/10/2021,22-Sep-2023,DELL,Latitude 7420,M1,16,1024,SSD,Windows 11,HN,in_use,,1,1,261,,3101,—,74,0,0,0.0,0.0,43.8,—,0,0
ASSET-10194,U9133,01-05-2020,,Lenovo,X1 Carbon,Ryzen 7 4800U,16.0,"1,024",NVMe,macOS 12,Tokyo,in_use,,0,0,106,4500,3840 mAh,73,74,0.0,0,0,0,24.3,1.0,0,0
ASSET-10195,U1895,2021/9/8,2023/8/29,Asuss,ZenBook 14,Ryzen 5 4500U,32,1024,HDD,Windows 10,Singapore,in_use,,0,0,196,"4,500",3835,,66.0,2,0,0,0,44.8,—,0,0
ASSET-10196,U2644,10-18-2020,03/10/2023,H-P,Envy 13,i7-8650U,16,,NVMe,macOS 13,Tokyo,in_use,,0,0,-20.0,5000,"5,033",—,,2,0,0,0,56.2,4,0,0
ASSET-10197,U6367,2022/2/28,23/02/2023,acer,TravelMate P2,Ryzen 7 4800U,,512,HDD,macOS 13,HN,in_use,,0,0,,4000.0,4195.0,71,—,0.0,0,—,0,57.2.0,0,0,0
ASSET-10198,U5717,17-Jul-2024,07-07-2026,msi,Prestige 14,i7-1185G7,32,256,HDD,Windows 11,Hue,in_use,,0,1,226,4500,—,67,79,0,0.0,0,0.0,55.8.0,2,0,0
ASSET-10199,U1745,22-Jan-2019,01-11-2021,Apple,MacBook Air,M1,16,,NVMe,Ubuntu 22.04,HN,in_use,,0,0,351,5800,,—,,,0,0,0,50.7,3,0,0
ASSET-10200,U6169,07-05-2024,30-Jun-2025,A pple,MacBook Pro 13,M2,8,256,SSD,Windows 10,HN,in_use,,0,2,459,4500,1930,66,—,1,,0.0,0,32.2,1,0,0
ASSET-10201,U7822,11/11/2019,11-05-2020,LENOVO,T14 Gen2,i7-8650U,16,256,HDD,Windows 10,Hue,in_use,,0,0,538,5000,2972,,73,0,0,0.0,0,74.9,2,0,0
ASSET-10202,U9964,04-12-2023,2024/4/6,lenovo,T480,i5-1135G7,8.0,512,SSD,Windows 10,HN,in_use,,0,0,664,4500,,66,66,0,0,0,0,8.3,3.0,0,0
ASSET-10203,U9410,31-Oct-2022,20-Oct-2024,Lenov0,T480,i5-1135G7,16,"1,024",NVMe,macOS 13,HCM,in_use,,0,0,18,5000.0,3995,85,62,0,0,0.0,0,41.7,2,0,0
ASSET-10204,U8583,05-Jan-2021,12-31-2021,Âcer,TravelMate P2,i5-8250U,8,512,NVMe,Ubuntu 22.04,DN,in_repair,,1,0,,,4306,98,61,—,0,,—,,4,0,0
ASSET-10205,U5958,25-Dec-2019,2020/12/19,HP,Envy 13,i7-1185G7,8,,NVMe,Windows 11,HCM,in_use,,1,0,563,4500,2834,,,,0,0,0,30.9,3,0,0
ASSET-10206,U8074,2023/8/30,19/08/2025,Lenov0,T480,Ryzen 5 4500U,,512,HDD,macOS 12,Singapore,in_use,,0,0,480,"5,800",3922,62,—,0,0,0,0.0,,3,0,0
ASSET-10207,U8675,2020-06-21,06-11-2022,Acer,Aspire 5,M1,,1024,NVMe,Ubuntu 22.04,Hue,in_use,,0,0,—,4500.0,3238,77,77,,,0,0.0,,4,0,0
ASSET-10208,U2977,07-06-2021,26-Jun-2023,Asus,ZenBook 14,Ryzen 7 4800U,16,256,NVMe,Ubuntu 22.04,HN,in_use,,0,0,—,—,4810,79,70,1,,—,0,55.7,2,0,0
ASSET-10209,U3527,2023/1/29,2025-01-18,MSI,Modern 14,i7-8650U,8.0,512,HDD,Windows 10,HN,in_repair,,0,0,346,5200,3238,72,,0.0,0,0,0,24.3,1,0,0
ASSET-10210,U2389,2022/10/17,2024/10/6,ASUS,ZenBook 14,i5-1135G7,16,256,HDD,Windows 10,Tokyo,in_use,,0,0,376,"4,500",4070 mAh,72,79,0,,0.0,0,16.5,1,0,0
ASSET-10211,U1605,10-02-2022,2024-09-21,H-P,EliteBook 840,i5-1135G7,32,1024,HDD,Windows 11,HCM,in_use,,0,0,165,5800,5087,68,—,,0.0,0,0.0,,2,0,0
ASSET-10212,U6739,2022/5/10,2024/4/29,DELL,Latitude 7420,i5-1135G7,32.0,512.0,NVMe,Windows 11,HCM,in_use,,0,0,—,5000.0,,73,,0,0.0,0,0,53.4,4,0,0
ASSET-10213,U3364,2024-09-02,08-28-2025,Apple,MacBook Pro 13,M2,8,1024,NVMe,macOS 13,HCM,in_use,,0,0,256.0,,3885,,,0.0,0,0,0,35.1,,0,0
ASSET-10214,U9008,2019/1/9,2020-01-04,Delll,Latitude 7420,i7-8650U,8,512,HDD,macOS 13,DN,in_use,,0,0,500,5800,4897,86,90,0.0,0,0,0.0,75.4,1.0,0,0
ASSET-10215,U6060,2020/5/22,,Acer,Swift 3,i7-1185G7,,,NVMe,Windows 10,Singapore,in_use,,0,2,226,"5,800",3070,79,82,1,0,0.0,,51.0,,1,0
ASSET-10216,U2627,2020-11-19,09-Nov-2022,lenovo,T480  ,Ryzen 5 4500U,8 GB,256 GB,HDD,macOS 12,Tokyo,in_use,,0,0,451.0,4500 mAh,4280 mAh,72,,0,0,0,0,79.7,2.0,0,0
ASSET-10217,U7676,2021/8/15,08-10-2022,A pple,MacBook Pro 13,i7-8650U,,1024,NVMe,Windows 11,DN,in_use,,1,0,,"5,800",4710,81,72,,0,0,0,51.2,,0,0
ASSET-10218,U4485,2024-09-21,2026-09-11,Apple,MacBook Air,i7-8650U,16,256,HDD,Windows 10,HN,in_use,,0,0,288.0,"5,800",3957,79,65,1,0.0,0,0,,3,0,0
ASSET-10219,U7769,25/06/2024,2026/6/15,ACER,Swift 3,i7-8650U,32,256,NVMe,macOS 12,Tokyo,in_use,,1,1,,4000 mAh,,,70,0,0,0,,25.1,1,0,0
ASSET-10220,U9074,06-May-2021,2022-05-01,Lenvo,X1 Carbon,M1,,512,NVMe,macOS 13,Hue,in_use,,0,0,290,,3698,84,66,0,0,0,,24.6,1,0,0
ASSET-10221,U1849,2022-08-16,,acer,TravelMate P2  ,M1,16,256,NVMe,macOS 13,Hue,in_repair,,0,0,105.0,5200 mAh,3577,70,71,0,0,0,0,,2.0,0,0
ASSET-10222,U5102,2021/10/9,04-Oct-2022,Lenov0,X1 Carbon,Ryzen 7 4800U,,,NVMe,Windows 11,HCM,in_use,,0,0,173,5800,,,68,1,0,0,,50.8,4,0,0
ASSET-10223,U8428,04-22-2023,11-Apr-2025,Dell,Latitude 5420  ,i7-8650U,16,1024,NVMe,Windows 10,Hue,in_use,,2,0,546,,4307,66 C,71,0,,,,,1,0,0
ASSET-10224,U6057,2022/11/5,2024-10-25,Dell,Precision 3560,i5-8250U,32,1024,NVMe,Windows 11,HCM,in_use,,0,0,263,4500 mAh,3172,93,86,0,0.0,0,0,69.5,1.0,0,0
ASSET-10225,U4772,25/03/2024,,ACER,Swift 3  ,M2,32,,NVMe,macOS 12,HN,in_use,,0,0,124,5200,3425,73 C,67,,0,0,0,,2,0,0
ASSET-10226,U3248,02/04/2023,03-17-2026,Lenvo,T480,i7-8650U,16,256,HDD,macOS 12,HN,in_use,,0,0,,,4101,82,,0.0,0.0,0,0,45.9,,0,0
ASSET-10227,U1872,21/02/2022,02-16-2023,H-P,ProBook 450,M2,8,,SSD,macOS 12,Tokyo,in_repair,,0,0,356,5800,4322,70,63,0,0,0,0,26.6,1,0,0
ASSET-10228,U3575,13/03/2023,2025-03-02,A pple,MacBook Pro 14,i5-1135G7,8.0,512 GB,HDD,macOS 13,DN,in_use,,0,0,221,"4,500",,74,75,,0,0,0,55.4,,0,0
ASSET-10229,U6468,16-Mar-2021,29-Feb-2024,ASUS,ZenBook 14  ,Ryzen 5 4500U,32,1024,HDD,Windows 11,Tokyo,in_use,,0,0,332.0,5800.0,5393,76,58,0,0,,0.0,34.0,1,0,0
ASSET-10230,U6581,12-18-2019,07-Dec-2021,acer,Aspire 5,M1,32,512,SSD,macOS 12,Hue,in_repair,,0,0,514.0,"5,800",3814.0,80,67,0,0,0,1,,,0,0
ASSET-10231,U7247,2021/4/16,2023-04-06,asus,VivoBook 15,M1,,512,SSD,Ubuntu 22.04,Singapore,in_use,,0,1,494,,,79,86,0,0,,,59.7,,0,0
ASSET-10232,U2126,2023/5/13,05-07-2024,Apple,MacBook Air,i7-1185G7,16,,NVMe,macOS 12,HN,in_use,,1,0,,,5631 mAh,73,69,0,0,0,0,52.8,0,0,0
ASSET-10233,U7800,10-17-2021,12/10/2022,MSI,Modern 14,M1,16,512,NVMe,Windows 11,Tokyo,in_repair,,0,0,271,5800,3397,80,71,0,0,0,0,,—,0,0
ASSET-10234,U8572,2019-04-20,2020-04-14,asus,ZenBook 14,M2,16,,NVMe,macOS 12,HN,in_use,,0,0,157,"5,200",5262,,69,1,,,—,23.5,1,0,0
ASSET-10235,U6866,29/12/2020,2021-12-24,Dell,Precision 3560,i7-1185G7,16 GB,"1,024",SSD,macOS 13,Tokyo,in_use,,0,1,208,4000,,,,,0,0,,3.0,—,1,0
ASSET-10236,U4105,04-28-2021,12-Apr-2024,Hp,ZBook 15  ,M1,8,256,SSD,Windows 10,DN,in_use,,0,1,427,5000,,93,79.0,1,0,0,0,49.3,0,1,0
ASSET-10237,U3177,2022-09-22,17-Sep-2023,A pple,MacBook Pro 14,Ryzen 7 4800U,32,512,SSD,Ubuntu 22.04,HCM,in_use,,0,0,375,5800,5669,82,72,0,0,,0.0,35.8,,0,0
ASSET-10238,U6385,03/07/2020,23/06/2022,Apple,MacBook Pro 14,i5-8250U,32,512,NVMe,Ubuntu 22.04,HCM,in_use,,1,0,237,4500,"4,649",82,59,,0,,0,38.1,,0,0
ASSET-10239,U4871,2024/9/9,09-04-2025,msi,Modern 14,M2,16,256,NVMe,Windows 11,HN,in_use,,1,0,498,5200,3846 mAh,71 C,83,0.0,0,0.0,,38.7,2,0,0
ASSET-10240,U5215,08-Apr-2023,2025/3/28,dell,Latitude 7420,Ryzen54500U,16,1024,NVMe,macOS 12,HCM,in_use,,1,1,223.0,5000.0,3775.0,58 C,66,0.0,0,0,,33.1,1,0,0
ASSET-10241,U6711,18-Sep-2024,2027-09-03,msi,GF65,Ryzen 7 4800U,32,256,NVMe,macOS 12,Hue,in_use,,0,1,325,4500,3228,72,52,1,0,,0,62.9,1,0,0
ASSET-10242,U3716,15/10/2023,04/10/2025,DELL,Precision 3560,M1,32,512,NVMe,macOS 12,Tokyo,in_use,,0,0,473,,,76,—,0,0.0,0.0,0,16.0.0,,0,0
ASSET-10243,U4482,,01-25-2022,Lenovo,L14,i5-1135G7,8,512 GB,HDD,macOS 12,Tokyo,in_use,,0,0,256,5800,4545,—,,1,,0,0,—,2,0,0
ASSET-10244,U8036,10/10/2022,,apple,MacBook Air,Ryzen74800U,16,256.0,HDD,macOS 12,Hue,in_use,,1,1,409,5800,,,67,0,0,0,0,35.5,1,0,0
ASSET-10245,U1272,2023/1/15,2024/1/10,msi,Prestige 14,M2,8,1024,HDD,macOS 12,Tokyo,retired,,2,0,287,,,68,84,0,0,,0,30.5,2,0,0
ASSET-10246,U9858,2021/9/13,08-Sep-2022,Apple,MacBook Pro 14,i7-8650U,8,512,NVMe,Windows 10,HN,in_use,,1,0,192,5000,2978,60,83,0.0,0,0,0,,0.0,0,0
ASSET-10247,U4662,2021/11/27,11-22-2022,apple,MacBook Pro 13,i7-8650U,,,NVMe,macOS 13,HN,in_use,,0,0,266,4000,2709,73,76 C,2,0,0,0,32.8,2.0,0,0
ASSET-10248,U8467,2020/8/26,11/08/2023,A pple,MacBook Pro 14,i5-8250U,32,512,HDD,macOS 13,Tokyo,in_use,,0,0,198.0,4000,3602 mAh,78,67,0,0,0,,19.6,,0,0
ASSET-10249,U6528,09-27-2023,11-Sep-2026,Asuss,VivoBook 15,Ryzen 7 4800U,16,512,SSD,macOS 13,Tokyo,in_use,,0,1,,5000,"3,219",72,71,0,0,0,0,22.1,,0,0
ASSET-10250,U7169,2023/10/16,2026/9/30,M S I,Modern 14,i5-8250U,8,512,HDD,Windows 11,HCM,in_repair,,0,0,—,4000 mAh,"2,021",68,,0,0,0,0,—,2,1,0
ASSET-10251,U9015,2024-09-18,13/09/2025,Lenov0,T480,M2,16 GB,1024,NVMe,Windows 10,Singapore,in_use,,0,0,195,4500,4433.0,71,76 C,0,0,0,,17.2,1,0,0
ASSET-10252,U3948,01-22-2019,06-Jan-2022,Lenovo,T14 Gen2,Ryzen 7 4800U,8,256,SSD,macOS 13,HN,in_use,,0,0,,4500,4031,74,,0,0,0,0,,4,0,0
ASSET-10253,U4884,31-May-2019,2020/5/25,Lenov0,T480  ,i7-1185G7,8 GB,1024,NVMe,Windows 11,Singapore,in_use,,0,0,269.0,—,"3,442",83.0,92,0,,0,0,27.6,,0,0
ASSET-10254,U7208,17-Apr-2019,01-Apr-2022,Hp,Envy 13,Ryzen 5 4500U,8,"1,024",SSD,macOS 13,Hue,in_use,,1,0,—,4000,"2,565",82,68,,0,0,0,30.9,—,0,0
ASSET-10255,U3797,26/07/2022,2024-07-15,lenovo,T480,M1,,1024,SSD,Ubuntu 22.04,HCM,in_use,,0,0,434,5800,"3,710",83,62,,0,0,0,55.1,0.0,0,0
ASSET-10256,U2476,22/11/2019,16-Nov-2020,Apple,MacBook Air,i7-8650U,8,1024,SSD,Windows 10,Tokyo,in_use,,0,1,172,5000,4687,84,71,0.0,0,0,0,18.6,1,0,0
ASSET-10257,U3761,2024/11/14,2025/11/9,Lenovo,L14,Ryzen 7 4800U,8,1024,HDD,Windows 10,Hue,in_use,,0,0,586,"5,200",4044,85,,0,0.0,0,0,97.4,2,0,0
ASSET-10258,U6382,05-07-2022,2024-04-26,Lenvo,L14,Ryzen 7 4800U,,256,HDD,Ubuntu 22.04,HCM,in_use,,0,0,,4000,"3,146",78 C,73,0.0,,0,—,53.1.0,2,0,0
ASSET-10259,U4251,03-29-2020,24/03/2021,M S I,GF65,i5-1135G7,16,512,NVMe,Ubuntu 22.04,HCM,in_use,,0,0,129,,3824,93,64 C,0,0,0,,32.4,0,0,0
ASSET-10260,U1131,,04/11/2025,Apple,MacBook Pro 14,M2,8,512,SSD,macOS 13,HN,in_use,,0,0,,5800,4590,67,65,,0,0,1,22.8,,0,0
ASSET-10261,U2489,07-28-2019,2021-07-17,Asus,ZenBook 14,Ryzen 5 4500U,32,1024 GB,SSD,Windows 11,DN,in_use,,0,0,304.0,"5,200",,,,0,0,0,0,—,,0,0
ASSET-10262,U6426,16-Jan-2023,31-Dec-2025,Lenvo,T14 Gen2,Ryzen 7 4800U,8,1024,HDD,Windows 11,Singapore,in_repair,,0,0,,5200,4787,,63,0.0,0,0,0,50.6,,0,0
ASSET-10263,U2923,,16-Nov-2024,H-P,Envy 13,i5-8250U,8,1024,HDD,Windows 11,DN,in_use,,0,0,354,,4200.0,69,68,0.0,0,0,,48.3,2,0,0
ASSET-10264,U9602,11-26-2021,2023/11/16,Acer,TravelMate P2,Ryzen 5 4500U,32,,NVMe,Windows 10,HN,in_repair,,0,0,477,,4725,83,60,—,0,0,0,23.2 h,5,0,0
ASSET-10265,U1938,2019/2/12,01/02/2021,Hp,ZBook 15,Ryzen 5 4500U,8,512,SSD,macOS 13,Tokyo,in_use,,0,0,138,5800,4870 mAh,70,53,1,0.0,0,0,56.2.0,,0,0
ASSET-10266,U9036,08-Jan-2021,,Delll,Latitude 7420,Ryzen 5 4500U,—,256,HDD,macOS 13,HN,in_use,,0,0,-38,4000,2292,79 C,,2,0,0,,15.0,—,0,0
ASSET-10267,U9886,2022/10/18,2025-10-02,M S I,Modern 14,i5-1135G7,,1024,HDD,Windows 11,DN,in_use,,0,0,—,"5,000",3590,85,,0,,0.0,,17.6,3,0,0
ASSET-10268,U2666,28/02/2022,2024/2/18,Lenvo,T14 Gen2,Ryzen 7 4800U,8,512,SSD,Windows 10,Singapore,in_use,,0,0,30,"4,500",4381,71,68,0.0,0,0,0,41.6,3,0,0
ASSET-10269,U2102,08/04/2020,24/03/2023,msi,Prestige 14,Ryzen 5 4500U,8,256 GB,HDD,Windows 11,HN,in_use,,1,0,197,5200,"4,572",79.0,57,0,0,0,0.0,23.9,0.0,0,0
ASSET-10270,U6937,2024-04-25,2025/4/20,Dell,Latitude 5420,Ryzen 7 4800U,8,,HDD,Windows 11,Singapore,retired,11/02/2026,1,0,640,5200,3584.0,,—,0,0,0,,,,0,1
ASSET-10271,U3295,30/11/2024,2027/11/15,A pple,MacBook Pro 14,M2,,1024,SSD,Ubuntu 22.04,HCM,retired,06/09/2026,0,1,-79,4500,2976,84,70,0,0,0.0,,18.6,2,0,1
ASSET-10272,U2264,,2026/3/23,Apple,MacBook Pro 13,M1,16 GB,256,SSD,Ubuntu 22.04,Tokyo,in_use,,0,0,,—,"4,226",,81,,0,0,0,—,3,0,0
ASSET-10273,U6056,04/02/2019,24/01/2021,HP,EliteBook 840,M1,32,256,HDD,macOS 12,Tokyo,in_use,,0,0,501,,2783,80,73,,,0,,27.7,0,0,0
ASSET-10274,U8331,2020-06-21,2022/6/11,dell,XPS 13,M1,—,,NVMe,macOS 12,HN,in_use,,0,0,222,"4,500",3004,73,70,0,0,,0,,1,0,0
ASSET-10275,U8242,2020-07-29,2021/7/24,apple,MacBook Air,Ryzen 5 4500U,16,512,NVMe,Windows 11,Hue,retired,06-01-2022,0,0,328,5000,4510,79,76,0,0,,0,41.4,,0,1
ASSET-10276,U9767,19/03/2024,2025/3/14,apple,MacBook Air,i7-8650U,—,512,SSD,macOS 12,DN,in_use,,2,0,286,4000,,78,62,0,0,,0,59.6,0,0,0
ASSET-10277,U2369,03-Aug-2020,29-Jul-2021,Acer,Swift 3,i7-8650U,16 GB,1024,HDD,macOS 12,Singapore,in_use,,0,0,,4500 mAh,2623.0,92,48,,0,0.0,0,33.5 h,,1,0
ASSET-10278,U6185,02-28-2019,23-Feb-2020,MSI,GF65,i5-1135G7,16,,SSD,macOS 12,DN,in_repair,,0,0,393,,5254,66,95,2,0,,0,50.1,2.0,0,0
ASSET-10279,U8471,23-Aug-2023,2025-08-12,lenovo,L14,M1,32,512,SSD,Windows 11,Hue,in_use,,0,1,247.0,"5,200",3434,86,67,0,0,—,0,72.0,0.0,0,0
ASSET-10280,U1534,2022-04-02,,Asuss,ROG Zephyrus G14,M2,32,512,SSD,Windows 11,Hue,in_use,,0,0,,4000 mAh,"1,669",82,49,4,0,0,0.0,28.4,3,0,0
ASSET-10281,U6201,10-04-2022,2023-09-29,Asuss,ROG Zephyrus G14,i7-1185G7,32,,SSD,macOS 13,Tokyo,retired,,0,0,123,5200,3819.0,—,90,0,0,0,0,71.9,2,0,0
ASSET-10282,U1455,19/11/2019,2022/11/3,lenovo,T14 Gen2,i5-1135G7,16,1024,NVMe,Ubuntu 22.04,HN,in_use,,0,0,398,4500,"3,933",75,93,0,0,—,0,3.1,—,0,0
ASSET-10283,U7402,2020-02-17,06-Feb-2022,msi,Modern 14,M1,,,NVMe,Windows 10,HN,in_use,,0,0,317,5200,,78,70,0,0,0,,14.0,2,0,0
ASSET-10284,U6978,15/04/2020,2021/4/10,DELL,Latitude 7420,i5-1135G7,8,256,NVMe,Windows 11,DN,in_use,,0,1,333.0,5000,4428,75,,1,0,0,—,23.4,1,0,0
ASSET-10285,U5451,2022-07-29,2025-07-13,A pple,MacBook Air,M1,16,256,NVMe,Ubuntu 22.04,DN,in_use,,0,0,204,4000,4152 mAh,—,72,0.0,,0,0,14.1 h,,0,0
ASSET-10286,U6268,,,Dell,Precision 3560,Ryzen 5 4500U,32,256.0,NVMe,Windows 11,HCM,in_use,,0,0,283,,,93,,0,—,0,0,53.0,0,1,0
ASSET-10287,U5659,,,LENOVO,L14,i5-8250U,16.0,1024,SSD,Windows 10,Hue,in_use,,0,1,245,4000,2715 mAh,75,72,0,0,,0.0,63.0,,0,0
ASSET-10288,U4708,28/11/2020,2021/11/23,HP,Envy 13,Ryzen 7 4800U,32,256 GB,NVMe,Windows 10,DN,in_use,,0,1,273,4000,3237,—,78,,0,0,0,63.9,1,0,0
ASSET-10289,U4700,01-12-2020,2022/1/1,HP,Envy 13  ,i7-8650U,16,,SSD,Windows 11,Tokyo,in_use,,0,0,—,"4,000",4138,70,64,0,0,0,,55.3,5,0,0
ASSET-10290,U7556,,2022/2/3,asus,ZenBook 14  ,i5-1135G7,32,512,NVMe,Windows 10,HN,in_use,,1,0,296,5200 mAh,—,75,67 C,0,0.0,0.0,0.0,28.7,4.0,0,0
ASSET-10291,U3894,2022-02-04,19-Jan-2025,DELL,Precision 3560,M1,8,1024,SSD,Windows 11,HCM,in_use,,0,0,363,4500.0,3131 mAh,72,75,0,0,,0,46.2,5,0,0
ASSET-10292,U6002,04/09/2021,2022-08-30,Asus,VivoBook 15,i7-8650U,,256,HDD,macOS 12,HN,in_use,,0,0,128,4000,3492,77,72,0,—,0,0,17.6,2,0,0
ASSET-10293,U6499,2024/1/28,2026-01-17,msi,GF65,Ryzen 5 4500U,32,512,HDD,Ubuntu 22.04,Hue,in_use,,0,0,240,—,2483,96,,0,0,0,,47.6,4,0,0
ASSET-10294,U5487,2024-01-15,2026-12-30,ACER,Swift 3,Ryzen 7 4800U,16,512,NVMe,macOS 12,DN,in_use,,0,1,310,5000 mAh,—,,79,,0,0,0,19.5,,0,0
ASSET-10295,U3022,06-Aug-2019,26-Jul-2021,dell,XPS 13,M1,,1024,SSD,Windows 10,DN,in_use,,0,1,254.0,4500,"2,451",,47,1,0,0.0,0.0,58.9,2,0,0
ASSET-10296,U3280,28/03/2021,03-18-2023,msi,GF65,i7-1185G7,16,512,SSD,Ubuntu 22.04,Singapore,in_use,,0,0,54,5200 mAh,2506 mAh,73,77,1,0,,0,—,,1,0
ASSET-10297,U1877,28/05/2023,05-22-2024,Asus,VivoBook 15,i5-8250U,16,1024,HDD,Windows 10,HCM,in_use,,1,1,175.0,,2154,74,76,,0,,0,53.6,2,0,0
ASSET-10298,U4288,14-Apr-2020,09-Apr-2021,MSI,Prestige 14,i7-8650U,32,,SSD,Windows 11,HCM,in_use,,0,0,514,5200,"2,750",300,74.0,0,,,,,2,1,0
ASSET-10299,U9076,13-Feb-2023,2026-01-28,Hp,EliteBook 840  ,M1,32,256,HDD,macOS 12,Hue,in_use,,0,1,232,,3562,5,74,1,0,0,1.0,39.8,0,0,0
ASSET-10300,U6558,2024/2/26,10/02/2027,dell,XPS 13,i5-1135G7,16,1024,HDD,macOS 12,HCM,in_repair,,0,0,,5200 mAh,3468,86 C,67,0.0,,0,,—,—,0,0
ASSET-10301,U4876,07/03/2020,2021-03-02,msi,GF65,M1,16,256,SSD,macOS 13,DN,in_use,,0,0,370.0,4000,2909 mAh,75,62,,0,0.0,0,16.6,,0,0
ASSET-10302,U4334,2019-05-17,05-11-2020,Âcer,Swift 3,Ryzen 7 4800U,16,1024,NVMe,Windows 10,DN,in_repair,,0,1,327.0,4500,4254,82,68.0,0,0,0,,36.7,—,0,0
ASSET-10303,U5118,2023-05-19,2026-05-03,msi,Prestige 14,i5-1135G7,16,256,NVMe,macOS 13,HN,in_use,,0,0,331,5800,3290,,63.0,0,0,,0,50.3,1.0,0,0
ASSET-10304,U1579,17/11/2022,2023/11/12,asus,ROG Zephyrus G14,i7-8650U,32,512,SSD,Ubuntu 22.04,Tokyo,retired,2025-06-01,0,0,110,,,74,70,0,0,0,0,32.0,,1,1
ASSET-10305,U6763,03-04-2021,22/02/2023,Asus,VivoBook 15,i5-8250U,8,256,SSD,macOS 13,HCM,in_use,,0,0,,,,,70 C,0,0,0,0,29.4,,0,0
ASSET-10306,U4609,2023/12/22,2026-12-06,Acer,Aspire 5  ,Ryzen 7 4800U,32,512,NVMe,Windows 11,Singapore,in_use,,0,0,446,"5,000",,90,79,0,0,0.0,0,,0,1,0
ASSET-10307,U5921,2019/12/13,2020-12-07,H-P,Envy 13,M1,16,256,HDD,macOS 12,Hue,in_use,,1,0,374.0,,2780,76,59,0,0,0,0,51.8 h,0,0,0
ASSET-10308,U5709,2024/12/30,,ASUS,VivoBook 15,Ryzen 5 4500U,8,512 GB,HDD,Windows 11,HN,in_use,,1,0,244.0,4000,2562 mAh,80,86,1,0,,0,18.1 h,4,0,0
ASSET-10309,U8867,06-11-2021,,LENOVO,X1 Carbon,i7-8650U,16,,NVMe,Ubuntu 22.04,HCM,in_use,,1,0,78,5200,"2,704",76,,0,0,0,0,43.5,3,0,0
ASSET-10310,U1732,2021-08-19,08-09-2023,Asuss,ROG Zephyrus G14  ,M2,8,,SSD,Windows 11,HN,in_use,,1,0,472,5000 mAh,3585,87,67 C,2,0,,0.0,33.3,,0,0
ASSET-10311,U9326,11-10-2022,11-05-2023,MSI,GF65,i5-8250U,32,1024,SSD,macOS 12,Tokyo,in_use,,0,0,464,,3968,75,83,0,0,0,,11.9,2,0,0
ASSET-10312,U8291,2023/8/7,,lenovo,T14 Gen2,i7-8650U,16,1024,HDD,macOS 13,HN,in_use,,0,1,286,5200,4327,85 C,—,0.0,0,,0,34.7,,0,0
ASSET-10313,U2654,2020/6/1,2021/5/27,Hp,Envy 13,i5-8250U,32,256,SSD,Windows 11,Singapore,in_repair,,0,1,249.0,5800,5185 mAh,81,—,1,,0,0,43.4,3,0,0
ASSET-10314,U9345,10/12/2019,12-04-2020,ACER,Swift 3,Ryzen 7 4800U,32,1024 GB,HDD,macOS 12,DN,in_repair,,0,1,451,5200,3471,64,85.0,0.0,0,,,41.9,2,0,0
ASSET-10315,U2629,23-Nov-2022,2024/11/12,Asus,VivoBook 15,Ryzen 5 4500U,,512,HDD,Windows 11,HN,in_use,,0,0,278,5000,,82,66,0,0,,0,,5,0,0
ASSET-10316,U5832,24-Mar-2020,09-Mar-2023,MSI,Prestige 14,i7-8650U,16,512,HDD,Ubuntu 22.04,HCM,in_use,,0,0,,,3620 mAh,80,54,0,,0,0,,—,0,0
ASSET-10317,U1130,04-Oct-2021,29/09/2022,ACER,Swift 3,i7-1185G7,—,256,HDD,macOS 12,HN,in_use,,0,0,313,"5,200",3705.0,98,53,0,,0,0,47.1,0,0,0
ASSET-10318,U9031,2023/5/26,05-10-2026,H-P,Envy 13,M2,16,256,SSD,Windows 10,DN,in_use,,0,0,46.0,5200 mAh,,62,78,2,0,0,,0.0,1,0,0
ASSET-10319,U7412,2023-12-16,12-05-2025,H-P,Envy 13,i5-8250U,16,—,NVMe,Windows 11,DN,in_use,,0,0,251,4000,,77,72,,0.0,0,0.0,49.5 h,0,0,0
ASSET-10320,U4757,2022-04-03,,dell,Precision 3560,i7-1185G7,8,256,SSD,macOS 13,HCM,retired,05-Sep-2023,0,1,,5800,3127,70 C,73.0,0,0,0,,38.4,2,0,1
ASSET-10321,U4183,2022/7/2,2024/6/21,Lenov0,L14,i5-8250U,16,512,HDD,Windows 11,HCM,in_use,,0,0,213,5000,5013,92,,0,0.0,0.0,0,—,5,1,0
ASSET-10322,U6446,2020/8/11,27-Jul-2023,acer,Aspire 5  ,i7-1185G7,16.0,1024,SSD,Windows 10,HN,retired,2021-11-27,0,0,543,,3811,70,61,2,0,0,1,7.7,3,0,1
ASSET-10323,U2269,03-19-2023,13/03/2024,Lenov0,L14,i5-1135G7,32,,SSD,Windows 11,HN,in_use,,0,0,344,5200.0,,—,65,0,0,0,0.0,43.6,4,0,0
ASSET-10324,U9509,2021/10/26,10-16-2023,Âcer,Aspire 5  ,Ryzen 7 4800U,32,,SSD,Windows 11,Singapore,in_use,,1,0,151,5200,3406 mAh,,74,,0.0,0,0,9.2,1,0,0
ASSET-10325,U5173,2021/4/9,04-04-2022,M S I,Prestige 14,i7-8650U,32,256,HDD,Windows 11,DN,in_use,,0,0,278,5800,4012,75,77,0,,0,0,26.0,3,0,0
ASSET-10326,U9383,12-06-2023,11-25-2025,Lenov0,T14 Gen2,Ryzen 7 4800U,16,,SSD,Windows 11,Singapore,in_use,,0,1,273,"5,200",,79,75,,0.0,0,0,60.4,,0,0
ASSET-10327,U6668,2023/10/4,2024/9/28,M S I,GF65,i7-1185G7,16 GB,512,SSD,Windows 10,HN,in_use,,0,0,415,5200,,69,82,,0,0,1,30.1,2,0,0
ASSET-10328,U9938,2020/3/1,2021-02-24,apple,MacBook Pro 14,i5-1135G7,—,1024,SSD,Windows 11,HCM,in_use,,0,0,173,,4484,,69,0,0,0,0,42.4,1,0,0
ASSET-10329,U3416,,2022/12/23,MSI,GF65,i5-8250U,—,1024,SSD,macOS 13,Hue,in_use,,0,0,204,—,4520,—,73,,—,0,0,,,0,0
ASSET-10330,U6042,21/02/2021,06/02/2024,acer,Swift 3,i5-1135G7,,256,HDD,Ubuntu 22.04,HN,in_use,,1,0,357,5000.0,—,65 C,48 C,0,0,0,0,,0,0,0
ASSET-10331,U5729,04-29-2021,2023/4/19,A pple,MacBook Air,Ryzen 5 4500U,,1024,SSD,Ubuntu 22.04,HN,in_use,,0,0,469.0,5200 mAh,3705,,74,0,0,,0.0,65.2 h,2,0,0
ASSET-10332,U8192,13/02/2024,28-Jan-2027,msi,Modern 14,M1,32,512,HDD,Windows 11,DN,in_use,,0,0,447,5000,3216.0,65,70,0.0,,0,0,39.8,2,0,0
ASSET-10333,U1881,2020/1/6,2021-12-26,dell,XPS 13,i5-1135G7,16,512,HDD,Windows 11,Hue,in_use,,0,1,—,"4,000",3167,73,64 C,0,0.0,0,0,28.3,2,0,0
ASSET-10334,U7551,2022/9/1,08-21-2024,HP,ProBook 450,M1,32,512 GB,NVMe,Windows 10,DN,in_repair,,0,0,276.0,5200,4630,64,95,0,,,0,53.5.0,3.0,0,0
ASSET-10335,U1570,12-05-2021,11-25-2023,msi,Prestige 14,M1,32,1024,SSD,macOS 12,HCM,in_use,,1,0,327.0,5000,3010,70,72.0,0,0,0,0,27.5,1,0,0
ASSET-10336,U3930,10-03-2023,17-Sep-2026,Hp,EliteBook 840,i7-8650U,,256,HDD,macOS 13,DN,in_use,,0,0,419,,2119,78 C,77.0,0,0,,0,46.5,2.0,0,0
ASSET-10337,U7491,10-15-2021,2022-10-10,asus,ROG Zephyrus G14,i7-8650U,8,1024,SSD,macOS 12,Hue,in_use,,2,0,29,,3933 mAh,,73,3,0,—,0,78.6,1.0,0,0
ASSET-10338,U2298,2023-11-11,2024-11-05,Âcer,Aspire 5,Ryzen 5 4500U,,1024,NVMe,macOS 13,HN,in_use,,0,0,,4000 mAh,,80,,0,0,0,0,5.7,0,0,0
ASSET-10339,U5715,03-01-2024,2027/2/14,Delll,Latitude 5420,Ryzen 7 4800U,32,512,HDD,macOS 13,HCM,in_use,,0,0,,5000 mAh,4119.0,77,81,,0,0,—,44.2,2,0,0
ASSET-10340,U3731,12-11-2022,25-Nov-2025,Asus,ROG Zephyrus G14,i5-8250U,16,1024,NVMe,macOS 12,HN,in_use,,0,0,,,4326,71,60.0,1.0,0,0.0,0,79.0,2.0,0,0
ASSET-10341,U9107,15-Mar-2024,2026-03-05,M S I,Prestige 14,M2,8 GB,256,HDD,Ubuntu 22.04,HCM,in_repair,,0,0,340,5800.0,3168,69,,0,0,0,0,38.0,3.0,1,0
ASSET-10342,U7378,2024-09-25,,ASUS,ROG Zephyrus G14,i5-1135G7,,512,NVMe,Windows 11,HN,in_repair,,0,0,183,5200,4058,74,,0,0,0,0,10.3,0,0,0
ASSET-10343,U9515,2024-04-09,03-30-2026,Acer,Aspire 5,M1,,1024,NVMe,Windows 10,Tokyo,in_use,,1,0,268,5800,,65 C,62,0,0,0,—,42.5,2,0,0
ASSET-10344,U4982,2024/5/30,05-25-2025,Hp,ProBook 450,Ryzen 7 4800U,32,1024,SSD,macOS 12,Tokyo,in_use,,0,2,129,5200,3203,,72,1,0.0,0.0,0,32.1,,0,0
ASSET-10345,U3106,2020/8/23,2023-08-08,msi,GF65,M1,16,1024,SSD,Windows 10,HN,in_use,,0,0,274,5800,5260,84,80,0,0,0.0,0,28.2,3,0,0
ASSET-10346,U4683,2022-06-20,15-Jun-2023,Lenovo,X1 Carbon,Ryzen 5 4500U,32,1024,SSD,Windows 11,DN,in_use,,1,0,50,"5,200",4292,61 C,—,0.0,,0,0,26.9,1,0,0
ASSET-10347,U5015,24-Jul-2021,2024/7/8,HP,ProBook 450,i5-1135G7,8,"1,024",HDD,macOS 13,DN,in_use,,0,0,304,4000,1778,—,69,,0,,0,6.5,0,1,0
ASSET-10348,U8252,2021-03-08,02-21-2024,apple,MacBook Pro 13,M2,8,512,HDD,macOS 13,DN,in_repair,,1,0,346,"5,200",3256,80,82,0,0,0,0,26.6,1,0,0
ASSET-10349,U6610,01-18-2021,01-13-2022,M S I,Prestige 14,i7-1185G7,8 GB,,NVMe,Ubuntu 22.04,DN,in_use,,0,0,333.0,,,83,50 C,0,0,0,0.0,80.8,1,0,0
ASSET-10350,U8368,2022/6/15,04-Jun-2024,HP,ZBook 15,M1,8,512,SSD,macOS 12,DN,in_use,,0,0,208,,3102.0,72 C,59,2,0,0,0,46.5,,0,0
ASSET-10351,U8979,2021-10-20,2023-10-10,Lenov0,L14,i7-8650U,8 GB,1024,HDD,Ubuntu 22.04,Singapore,retired,10-15-2022,1,0,220.0,,,85,,—,0,0,1,61.4,1,0,1
ASSET-10352,U8304,05-29-2021,2022-05-24,MSI,Prestige 14,i7-1185G7,16.0,512,HDD,Windows 11,Tokyo,in_use,,0,1,199,5000,,69,49 C,2,0,0,0,33.0 h,3,0,0
ASSET-10353,U9712,10/10/2020,09-25-2023,asus,ZenBook 14,i7-8650U,32,512 GB,NVMe,Windows 11,HCM,in_repair,,0,0,-32,5200,4173,71.0,,1,,0,,30.3,0.0,0,0
ASSET-10354,U4282,2022/12/23,,Acer,TravelMate P2,i5-1135G7,8,256 GB,SSD,Ubuntu 22.04,HN,in_repair,,0,1,476,"4,000","2,836",300,76.0,0,0,0,1.0,,2,0,0
ASSET-10355,U1806,2024-01-05,12-25-2025,Dell,Precision 3560,i7-1185G7,16,1024,SSD,Windows 10,HN,in_use,,1,0,476.0,5800,3922.0,74,—,1,0,0,0,,2.0,0,0
ASSET-10356,U5926,28/07/2021,2024-07-12,Apple,MacBook Pro 14,M1,16,256,HDD,Ubuntu 22.04,HCM,in_use,,0,0,,4500,4623,84,82 C,0.0,,,0,57.0,2,0,0
ASSET-10357,U4343,07-Jun-2022,2024-05-27,lenovo,L14,Ryzen54500U,32 GB,512,SSD,Windows 10,DN,in_use,,0,0,362,,,87,—,1,—,0,0,59.6,2,0,0
ASSET-10358,U3100,15/08/2022,07-30-2025,Apple,MacBook Air,i7-8650U,—,512.0,NVMe,macOS 13,HN,in_use,,1,0,378,—,"2,822",,66,0.0,0,0,0,40.1,1,0,0
ASSET-10359,U1560,2023/4/27,2026/4/11,Asuss,ROG Zephyrus G14,i7-1185G7,8,256,SSD,Windows 10,HN,in_use,,0,0,5000.0,4500,3693,70,85.0,0,0,0,1.0,50.8,,0,0
ASSET-10360,U9504,,12-07-2022,Acer,Aspire 5,M1,32,256,NVMe,Windows 11,HCM,in_use,,0,0,267.0,4500,—,83,74,0.0,0,0,,21.4,1,0,0
ASSET-10361,U9692,20/11/2024,11-15-2025,M S I,Modern 14,Ryzen 7 4800U,32,256,NVMe,macOS 13,HN,in_repair,,0,0,,5000,4768,75,61,0,0,0,0,50.8,2,0,0
ASSET-10362,U4420,01-Oct-2019,2020/9/25,HP,ZBook 15,i5-1135G7,8,512,SSD,Windows 11,Hue,in_use,,0,0,,4500.0,3890,77,67,1,,0,1.0,61.8,4,0,0
ASSET-10363,U3517,10-16-2019,30-Sep-2022,Lenov0,L14,Ryzen 5 4500U,—,512,HDD,Windows 10,Tokyo,in_use,,0,0,479,5200,3729 mAh,84,62,0,0,0.0,1,78.9,2,0,0
ASSET-10364,U6843,2019/12/7,2020-12-01,Âcer,Aspire 5,M2,8 GB,1024,HDD,Windows 11,Singapore,in_use,,0,0,361,5200 mAh,3719,89,79,0,0,—,0,19.9 h,2,0,0
ASSET-10365,U8548,11-Nov-2024,2025/11/6,msi,Prestige 14,M1,32,256,SSD,macOS 13,HN,retired,,0,0,354,4000,2853 mAh,81,65,0,,0,0,23.1,1,0,0
ASSET-10366,U9189,31/12/2019,2021-12-20,MSI,Modern 14,i7-1185G7,16,512,SSD,Windows 10,Tokyo,in_use,,2,0,257.0,5200.0,3510 mAh,,,,,0,0,16.3,3,0,0
ASSET-10367,U5315,,2023/8/5,LENOVO,L14,Ryzen 7 4800U,,256,HDD,Windows 10,Tokyo,in_use,,0,0,255,"5,000",4294,79,83,0,0,0,0,,2,0,0
ASSET-10368,U4149,2023-08-16,10-Aug-2024,ASUS,ROG Zephyrus G14,M1,32,1024,HDD,Ubuntu 22.04,Tokyo,in_repair,,0,0,,5000,3868 mAh,75,83,1,0,—,0,72.7,1,0,0
ASSET-10369,U8623,2022/1/7,2024/12/22,H-P,ProBook 450,M2,32,512,HDD,macOS 13,Hue,in_repair,,0,0,496,,2792 mAh,81,78,0,0,,1,23.2.0,3,0,0
ASSET-10370,U5991,2022/9/15,2023/9/10,ACER,TravelMate P2,M1,,,NVMe,macOS 13,DN,in_use,,0,0,124.0,,,76,72,0,0,,0,53.4,1.0,0,0
ASSET-10371,U8772,2020-07-21,11-Jul-2022,Apple,MacBook Pro 14,Ryzen 5 4500U,16,256 GB,NVMe,macOS 12,DN,in_use,,0,0,214,5200,,87,77,,0.0,,0,32.1,,0,0
ASSET-10372,U3824,2021-02-11,27-Jan-2024,msi,Modern 14,i5-1135G7,,,HDD,Windows 10,Tokyo,in_use,,0,0,562,,,76,95,0,0,0,1,40.9 h,,0,0
ASSET-10373,U8449,05-12-2023,01/05/2025,Asus,VivoBook 15,Ryzen 7 4800U,8,512,SSD,Windows 11,Hue,retired,2024/5/13,0,0,393,4500,—,94,65,0.0,0,0,0,53.8 h,2,1,1
ASSET-10374,U9035,08/04/2019,2021-03-28,Apple,MacBook Pro 13,M2,32,512,HDD,macOS 12,DN,in_use,,1,0,161,4000,3121,,78,,0,,0,16.5,4,0,0
ASSET-10375,U4042,26-Jun-2021,06-10-2024,Lenovo,L14,i7-1185G7,16,256,NVMe,macOS 13,HCM,in_use,,0,0,181,4000,2133,74,71 C,0,,,0,44.9,1,0,0
ASSET-10376,U7704,02-11-2019,2021-01-31,Âcer,Aspire 5,M1,,—,HDD,Ubuntu 22.04,Singapore,in_repair,,1,0,,4000,,88,,1,0,0,0,38.2,2,0,0
ASSET-10377,U9158,04-02-2021,2022-03-28,Dell,Latitude 5420,i5-8250U,16.0,,SSD,Windows 10,HN,in_use,,2,0,533,,3245,80,,0,0,0,0,39.2 h,1,0,0
ASSET-10378,U9283,2019/9/18,2020-09-12,DELL,XPS 13,i7-1185G7,16,,NVMe,macOS 12,HCM,in_use,,1,0,305,5200.0,3686,79,,1,0.0,,—,24.2,3.0,0,0
ASSET-10379,U1576,2019-10-30,10-24-2020,MSI,GF65,M2,32 GB,1024,HDD,Ubuntu 22.04,Tokyo,in_use,,0,0,299,5800,,77,62 C,,0,,0,47.2,4,0,0
ASSET-10380,U9871,2021/7/18,2023-07-08,apple,MacBook Air,Ryzen 7 4800U,,512,HDD,macOS 12,Hue,in_use,,0,0,320,5200,3052,71,72,0,0.0,0,0,35.3,1.0,0,0
ASSET-10381,U7752,2019-07-28,2020-07-22,A pple,MacBook Air,i5-1135G7,32,512,NVMe,macOS 12,HN,in_use,,0,0,238,5200,2732,,66,0,0,0,0,54.4,0,1,0
ASSET-10382,U6431,04/01/2020,2021-12-24,msi,Modern 14,i7-1185G7,—,256,HDD,macOS 13,DN,retired,02/04/2021,1,0,122,,4130.0,86,79,,0,0,1,41.0,3,0,1
ASSET-10383,U7215,05-07-2024,2025/5/2,A pple,MacBook Air,Ryzen 7 4800U,—,1024 GB,NVMe,Windows 11,Hue,in_use,,0,1,,4000,1985,70,—,0,0,,0,33.9,0,0,0
ASSET-10384,U6983,11-01-2021,10-27-2022,apple,MacBook Pro 13,i5-8250U,16,512,SSD,Windows 10,Tokyo,in_use,,0,1,277,4500 mAh,,81,54,,0,0,,22.8,2.0,0,0
ASSET-10385,U7671,2022/11/2,10-28-2023,Asus,VivoBook 15  ,i7-1185G7,16,512,HDD,Windows 10,Hue,retired,,0,0,,,3856,74,—,,0,0,0.0,1.7,,0,0
ASSET-10386,U1920,22-Jul-2020,17/07/2021,Lenov0,T480,i5-1135G7,8,,SSD,Windows 10,Hue,retired,,0,0,295,4500,,83,70,0,,,,,,0,0
ASSET-10387,U4083,2021/2/5,,acer,Swift 3,i7-1185G7,8,512,NVMe,macOS 13,DN,in_use,,0,1,321,5800,"4,393",89,,,0.0,0,0,30.7,,0,0
ASSET-10388,U6922,2019-09-27,09-11-2022,Lenvo,X1 Carbon,Ryzen 7 4800U,16,,NVMe,macOS 12,DN,in_use,,0,0,402.0,5200,3789,87,76,0,0,0,0,,4,0,0
ASSET-10389,U3447,2023/6/25,14/06/2025,msi,GF65,i5-1135G7,,1024,SSD,Windows 11,HCM,in_use,,0,0,371,"4,000",,81,69,0.0,0,0,0,45.4 h,—,0,0
ASSET-10390,U7821,07-02-2024,06-27-2025,A pple,MacBook Pro 13,Ryzen 5 4500U,,1024,HDD,macOS 13,HCM,retired,09/04/2026,0,0,219,,4481 mAh,78,83,0,0,0,0,57.4,1,0,1
ASSET-10391,U4883,17/10/2021,10-07-2023,Hp,ProBook 450,i5-8250U,16,"1,024",SSD,macOS 12,HN,in_use,,1,0,47,5800,3757,85,,1,,0,0,67.5 h,2,0,0
ASSET-10392,U4083,08-May-2020,28/04/2022,Hp,ProBook 450,i7-1185G7,,1024,HDD,Windows 11,Hue,in_use,,0,0,412,,3764,72,,2,0,0,0,—,0,0,0
ASSET-10393,U3030,2019-08-03,07-23-2021,Hp,EliteBook 840,Ryzen 7 4800U,8,512,NVMe,macOS 12,Singapore,in_use,,0,0,201.0,4000,,82,68,0,0,0,,—,,0,0
ASSET-10394,U2139,2024/7/10,,Apple,MacBook Air,M1,32,,NVMe,Windows 11,Singapore,in_use,,0,0,222,,3795,84,73,,0,0,0,,3,0,0
ASSET-10395,U7798,10-06-2019,2020/9/30,apple,MacBook Pro 13,i5-8250U,8 GB,,NVMe,macOS 12,HCM,in_use,,0,0,,5000,4190,89,76 C,1.0,0,0,0,,1,0,0
ASSET-10396,U9385,2023/7/20,14-Jul-2024,acer,TravelMate P2,i5-8250U,16 GB,,NVMe,Windows 11,HN,in_use,,0,0,530,5800,5326,74,76,0,0,,1.0,47.8,0,0,0
ASSET-10397,U5675,14/10/2021,2022-10-09,A pple,MacBook Air,i5-8250U,8 GB,1024,SSD,Windows 10,DN,in_use,,0,0,300,4000,3352 mAh,76,72,0,,,,25.4,3,0,0
ASSET-10398,U1235,04-06-2020,,A pple,MacBook Pro 13,M2,32 GB,1024 GB,NVMe,Ubuntu 22.04,DN,in_use,,1,0,,4000.0,3118,,,0,0,0,1,26.9,3,0,0
ASSET-10399,U4847,2024/1/9,2025/1/3,msi,Modern 14,M1,,1024,HDD,Windows 11,Tokyo,retired,2026/6/3,0,0,264.0,4000,,61,58 C,,0.0,0,0.0,12.5,2,0,1
ASSET-10400,U3255,,14/09/2024,lenovo,X1 Carbon,M2,32,,SSD,Windows 10,DN,in_use,,1,0,266,,4410,79,93,—,0.0,—,0,,—,0,0
ASSET-10401,U6486,2024-06-26,21/06/2025,Acer,TravelMate P2,Ryzen 7 4800U,,512,NVMe,macOS 12,HN,in_use,,0,0,385,5800,4968,102,79,0,0,0,0,23.0,2,1,0
ASSET-10402,U4042,10-20-2019,2020/10/14,lenovo,T14 Gen2,i7-8650U,16,512,NVMe,macOS 12,HCM,in_use,,1,0,539,5800,4988,78,69 C,0,0,0,1,53.3,1.0,0,0
ASSET-10403,U8986,22-Dec-2019,2021-12-11,apple,MacBook Pro 13  ,i7-8650U,8,256,NVMe,Windows 10,Hue,in_use,,0,0,290,5200.0,,,55,0,0,0,0,60.9,3,1,0
ASSET-10404,U3849,25/01/2024,14-Jan-2026,Asuss,VivoBook 15,i5-8250U,16,1024,HDD,macOS 12,HCM,in_repair,,0,0,334,4500,,,72 C,0,0,0,0,22.5,1,0,0
ASSET-10405,U7007,2023/10/28,22/10/2024,apple,MacBook Air  ,Ryzen 7 4800U,32,1024,SSD,macOS 12,Hue,in_use,,0,0,444,4000,"2,991",63,,,—,,,1.9,1,0,0
ASSET-10406,U4805,09-Apr-2021,2022-04-04,Lenvo,T480  ,M1,,512,SSD,macOS 13,HCM,in_use,,1,0,406,4000,,76,68,—,0.0,0,0,54.9,,0,0
ASSET-10407,U5047,21-Aug-2023,05/08/2026,Lenov0,T14 Gen2,i7-1185G7,16,512,SSD,macOS 12,HCM,in_use,,0,0,5000,5000,3170,85.0,86,2,0,0,0,,2,0,0
ASSET-10408,U5544,05-30-2023,05-19-2025,Lenvo,X1 Carbon,Ryzen 7 4800U,16,1024,NVMe,Ubuntu 22.04,DN,in_use,,0,0,443,5200,—,77,76 C,0,0,0,1,52.5,1,0,0
ASSET-10409,U6710,2022/6/8,2023/6/3,asus,ZenBook 14,M1,,512,NVMe,macOS 12,Tokyo,in_repair,,0,0,258,4500,"2,513",71,74,—,0,0,0,42.6,0,0,0
ASSET-10410,U9804,2022-10-30,,Hp,Envy 13,i7-8650U,16,256,HDD,macOS 13,Hue,in_use,,1,0,372,4000,,,79.0,0,0,0,0.0,—,,0,0
ASSET-10411,U3087,,12-Jan-2023,LENOVO,X1 Carbon,i7-1185G7,8,1024,NVMe,Windows 10,HCM,in_use,,0,0,249,4000,2919 mAh,82,,0,0,,0,28.2 h,1,0,0
ASSET-10412,U3040,27-Jan-2020,2021-01-21,Hp,Envy 13,i7-1185G7,8 GB,512,NVMe,Windows 11,HN,in_repair,,0,0,—,—,2913,75,71,0.0,0,0.0,1,33.3,4,0,0
ASSET-10413,U8244,2021/4/21,2023-04-11,Asuss,VivoBook 15,i7-8650U,32,1024 GB,NVMe,macOS 12,HN,in_use,,1,1,320,5200,3359,72,66,,1,,0,50.7 h,,0,0
ASSET-10414,U5409,10-Feb-2023,2025-01-30,Hp,ProBook 450,i5-1135G7,—,1024,NVMe,macOS 13,Singapore,in_use,,0,0,—,5800,,,64,0,0,0,0,22.6,2,1,0
ASSET-10415,U3882,2022/3/26,10/03/2025,MSI,GF65,M1,8,256 GB,SSD,Windows 11,Singapore,in_use,,0,0,,4000,,83,64 C,,0,0,0,68.1,1.0,0,0
ASSET-10416,U5575,09-Mar-2024,04/03/2025,ASUS,VivoBook 15,i7-8650U,32,256 GB,SSD,macOS 13,HCM,in_use,,0,0,505,4000.0,2400,61,81,0.0,0,0,0,49.2,1,0,0
ASSET-10417,U7021,2022/5/7,2023-05-02,dell,Latitude 5420,M1,,512,HDD,Ubuntu 22.04,HCM,in_use,,0,2,333,5000,3940,73,64,,0,0.0,0,0.0,1,0,0
ASSET-10418,U5840,13-Mar-2023,07-Mar-2024,Dell,Latitude 5420,M1,32,512 GB,SSD,macOS 13,DN,in_use,,1,0,,5000,,79,,0,0,,0,19.5,,0,0
ASSET-10419,U9470,2020/5/20,10/05/2022,HP,EliteBook 840,M1,32,256.0,NVMe,macOS 13,Tokyo,in_use,,0,1,309,"5,800",,82,—,0.0,0.0,,0,29.9,,0,0
ASSET-10420,U4450,03-Jan-2019,12-29-2019,Asuss,VivoBook 15,i5-8250U,16,1024 GB,HDD,Windows 10,HN,in_use,,0,0,498,5200 mAh,4032,81,67,0,0,0,0,48.0 h,,0,0
ASSET-10421,U4706,2019-04-02,2021-03-22,MSI,Modern 14,Ryzen 7 4800U,32,512,HDD,macOS 12,HCM,in_use,,1,0,169,5800,,—,71,1.0,0,0.0,0.0,—,,0,0
ASSET-10422,U3523,2023-08-24,,MSI,Prestige 14,i7-8650U,,,HDD,macOS 12,Hue,retired,03/07/2025,1,0,229.0,5800 mAh,—,—,61,,0,0,—,65.1,4,1,1
ASSET-10423,U6853,25/12/2019,2020-12-19,MSI,Prestige 14,Ryzen 5 4500U,16,256,SSD,macOS 13,HCM,in_use,,0,0,183,"4,000",2636,,75,,0,0,,59.4,2,0,0
ASSET-10424,U8744,28-Jan-2024,17/01/2026,HP,ProBook 450  ,M1,—,—,HDD,Ubuntu 22.04,HN,retired,2026-09-23,0,0,79,,,71,72,1,0,0.0,,72.4,3,0,1
ASSET-10425,U7402,23/02/2021,2023/2/13,Hp,ProBook 450,i5-8250U,16,512.0,SSD,macOS 12,Hue,in_use,,0,0,362,5200,2732,70,,2,0,0.0,0,36.6,,0,0
ASSET-10426,U7846,07-Jun-2019,2020/6/1,acer,Swift 3,Ryzen 7 4800U,32,512,HDD,Windows 10,HCM,in_use,,0,0,342,5200,4100,71,70,0,0.0,0,0,78.1,0,0,0
ASSET-10427,U7673,2019/9/15,,H-P,EliteBook 840,M1,16,1024,NVMe,Windows 11,DN,in_repair,,0,0,84.0,,"3,036",76,70,0,,,,50.8,2,0,0
ASSET-10428,U6016,07-29-2019,18-Jul-2021,MSI,GF65,Ryzen 5 4500U,8,256,HDD,macOS 13,Tokyo,retired,2022-04-01,0,0,,,4598,65,65,0,0.0,0,0,,—,0,1
ASSET-10429,U1054,08/09/2021,03-Sep-2022,Delll,Latitude 5420,Ryzen 5 4500U,8,256,HDD,Ubuntu 22.04,HCM,in_use,,0,0,272.0,—,,72,75,0,,0,0,33.9,—,0,0
ASSET-10430,U8842,12-10-2022,2023-12-05,Asus,ZenBook 14,M1,16,256,NVMe,macOS 12,HN,in_use,,0,0,339,4500,3358,76 C,67 C,0,,,0,,3,0,0
ASSET-10431,U2396,2020-07-03,06-28-2021,M S I,Prestige 14,i7-8650U,32,256,HDD,macOS 12,Singapore,in_use,,0,0,353,5800.0,,—,65,0,0,0,0,40.8,3,0,0
ASSET-10432,U7666,04-04-2019,2020/3/29,Hp,ZBook 15,i5-1135G7,32,1024,NVMe,Windows 10,DN,retired,2020-05-03,0,0,,,"3,865",75,67,2,,0,0,48.9,3,0,1
ASSET-10433,U2523,27-Sep-2022,2024/9/16,Hp,Envy 13,i5-1135G7,8,256,NVMe,Windows 10,HCM,in_use,,0,0,302,—,,76,72,2,0,,0,22.3,,0,0
ASSET-10434,U4072,10/07/2024,2027-06-25,Asuss,VivoBook 15,M1,8,1024,NVMe,macOS 12,HN,in_use,,2,0,,5800.0,3219,95,61,0.0,,0,,,2,1,0
ASSET-10435,U7467,28/06/2020,06-23-2021,LENOVO,T480,i7-8650U,32,256,NVMe,Windows 11,Tokyo,in_use,,2,0,-20,4000 mAh,2485.0,65,74,2,0,0,0,14.9 h,2,0,0
ASSET-10436,U8099,2024-03-13,2025/3/8,Hp,EliteBook 840,i5-8250U,,512,NVMe,Ubuntu 22.04,HN,in_use,,0,0,185,5200,4583 mAh,72,77,0,0,0,1.0,,4,0,0
ASSET-10437,U3370,2020/3/25,2022-03-15,Asus,ROG Zephyrus G14,Ryzen 5 4500U,32,256,HDD,macOS 13,DN,in_use,,0,1,240,5200,2763,300,60,,0,0,,,3,1,0
ASSET-10438,U7960,2021-10-25,09-Oct-2024,acer,Aspire 5,i7-1185G7,32,512 GB,NVMe,macOS 13,Singapore,in_repair,,0,0,237,5800,3370,79.0,78,0,—,0,0,80.0,0,0,0
ASSET-10439,U4514,13/06/2021,06-03-2023,Dell,Latitude 7420,Ryzen 5 4500U,—,1024,HDD,Windows 10,DN,in_use,,0,0,470,5800,5199,89,,0,0,0,0,,2,0,0
ASSET-10440,U4757,02-11-2022,2023/2/6,ASUS,ROG Zephyrus G14,Ryzen 7 4800U,16,,NVMe,Windows 11,HCM,in_use,,0,0,,4000,,78,,1,0,,0,0.0,0.0,0,0
ASSET-10441,U8761,29-Mar-2023,2024/3/23,lenovo,T14 Gen2,i5-8250U,32,,NVMe,macOS 12,HCM,in_use,,1,0,106,4000,3710,86,72,0,0,0,0.0,52.0,0,0,0
ASSET-10442,U5574,2022-07-17,06-Jul-2024,Asus,VivoBook 15,i5-8250U,,512,HDD,macOS 12,Singapore,in_use,,1,0,88,5200,3793,72 C,73,0,0,,,50.2,0,0,0
ASSET-10443,U9831,,,lenovo,T14 Gen2,i7-8650U,16,—,HDD,macOS 13,HN,in_use,,0,0,,4500,3048.0,84,—,0,0,0,0,0.0 h,,0,0
ASSET-10444,U2370,2022/8/13,08-Aug-2023,LENOVO,T480  ,i7-8650U,8,,SSD,macOS 12,HCM,in_use,,1,0,,5200 mAh,4424 mAh,—,72,0,0,0,—,52.3,0,0,0
ASSET-10445,U3879,03-29-2022,13/03/2025,Lenovo,T14 Gen2  ,i5-8250U,16,512 GB,HDD,Windows 10,Singapore,in_use,,0,0,-38.0,5200 mAh,4487,73,64.0,0,0,,0,27.8,3.0,0,0
ASSET-10446,U1686,06-11-2019,26/05/2022,Apple,MacBook Pro 14,M1,8,256,HDD,macOS 13,Singapore,in_use,,2,0,141,,,68,80,0,0,0,0,32.7,3,0,0
ASSET-10447,U5079,10-13-2024,2025-10-08,A pple,MacBook Air,i7-1185G7,32,1024,SSD,macOS 12,DN,in_use,,0,0,49,4500,"3,258",83,,1,0,,0,11.0,1.0,0,0
ASSET-10448,U3566,12-23-2022,12/12/2024,H-P,Envy 13  ,i5-8250U,8 GB,512.0,SSD,Ubuntu 22.04,DN,in_use,,1,2,602,"5,800",4550,74,75,0,0,0,0.0,30.4,2,0,0
ASSET-10449,U2008,24/10/2022,19/10/2023,M S I,GF65,i5-8250U,16 GB,256,SSD,Windows 11,HN,in_use,,0,0,,—,—,86,86,0,0,0,0,,1,0,0
ASSET-10450,U1642,07-24-2023,2024/7/18,Hp,ProBook 450,i7-8650U,32,,HDD,Ubuntu 22.04,Hue,in_use,,0,0,217,"4,000",,71,75,0.0,0.0,0,0,48.2,,0,0
ASSET-10451,U7807,13/01/2019,2021/12/28,HP,EliteBook 840,M1,16,—,HDD,Windows 11,HCM,in_use,,0,1,258,"4,000",2887,77 C,,,0,,0,,3,0,0
ASSET-10452,U2257,13-Jan-2020,2022-01-02,Hp,Envy 13,i5-1135G7,32,1024,HDD,Windows 10,DN,retired,2021/9/5,0,0,455,—,3055,73.0,49,0,0,0,,79.9,1.0,0,1
ASSET-10453,U4487,02-14-2020,08-Feb-2021,Lenov0,X1 Carbon,Ryzen 5 4500U,16,512,SSD,macOS 12,Singapore,in_use,,0,1,,"5,800",3644,80,65,,0,0,,57.3,3,0,0
ASSET-10454,U7675,08-Jul-2019,2020/7/2,Asus,ZenBook 14,Ryzen 7 4800U,32,,SSD,Windows 10,HCM,in_use,,2,1,10,5000,3452,90,77,0,0,0.0,0,6.4,1,0,0
ASSET-10455,U8474,2020-01-03,2022-12-18,Acer,Aspire 5,Ryzen 7 4800U,32,512,NVMe,macOS 13,HN,in_use,,1,0,255,4500,3338,—,72,0,0,0,0,10.4.0,2,0,0
ASSET-10456,U7520,27/04/2020,17-Apr-2022,A pple,MacBook Pro 13,i5-8250U,32,512,SSD,Windows 11,DN,in_use,,0,0,476,5800,6090,88,40,,0,0,,37.0 h,1.0,0,0
ASSET-10457,U9998,26/08/2020,2022/8/16,H-P,EliteBook 840,Ryzen 7 4800U,,1024,SSD,macOS 12,Tokyo,in_use,,0,1,,5000,3326.0,66,83,,,0,0,30.0,1,0,0
ASSET-10458,U9339,01-18-2022,2025-01-02,Delll,XPS 13  ,i5-8250U,8,512,SSD,Windows 10,HCM,in_repair,,0,0,240,,3701,77,77 C,0,0,,,33.1,4,0,0
ASSET-10459,U8424,2023/7/29,2024/7/23,H-P,EliteBook 840,i7-1185G7,32,512,NVMe,macOS 12,Tokyo,in_repair,,1,0,-12,,3953,81,,1.0,0,0,0,31.5 h,2,0,0
ASSET-10460,U2094,2021/12/15,10-Dec-2022,LENOVO,T14 Gen2,Ryzen 5 4500U,8,256,SSD,Windows 11,Hue,in_use,,0,0,56.0,4500,3125,82,62,0,0,0,,,1.0,0,0
ASSET-10461,U8663,2024/7/23,08/07/2027,Hp,ProBook 450,Ryzen74800U,16,256,SSD,Windows 11,Hue,in_use,,1,0,-60.0,,3613 mAh,76,66,—,0,0,0,34.4,1,0,0
ASSET-10462,U9411,2020-11-28,23-Nov-2021,Âcer,Aspire 5,i5-1135G7,32,256,HDD,macOS 13,Singapore,in_use,,0,0,34,4500,"3,622",74.0,73,0,0,0,1,,1,0,0
ASSET-10463,U9074,2023/10/22,10-11-2025,acer,Swift 3,i7-8650U,16,512 GB,NVMe,Windows 10,Hue,in_use,,0,0,,5200,,72,54 C,0,—,0.0,0,45.2 h,3,0,0
ASSET-10464,U9566,12-14-2020,12-09-2021,Delll,Latitude 5420,M1,16,1024,SSD,macOS 13,Singapore,retired,05-14-2023,0,0,241,,4509,73,66,1,0,0,0,0.0.0,1,0,1
ASSET-10465,U9391,28-Sep-2019,2022/9/12,ASUS,VivoBook 15,Ryzen 7 4800U,16,1024,NVMe,macOS 13,Hue,in_use,,0,0,341,4000,3407,,86,0,0.0,,0,22.9,3,0,0
ASSET-10466,U8151,2024-09-02,,M S I,GF65,i5-1135G7,,512,NVMe,macOS 13,HN,in_use,,0,0,111,5200,4031 mAh,81,78,0,0,0,0.0,37.5,1.0,0,0
ASSET-10467,U6613,03-15-2023,03-04-2025,HP,ProBook 450,M1,,1024,HDD,Windows 11,HN,in_use,,1,0,-50,"5,000",3914 mAh,71,50,,0,0,0,53.7 h,,0,0
ASSET-10468,U6625,13-May-2023,07-May-2024,A pple,MacBook Pro 13,i7-1185G7,32 GB,,HDD,macOS 13,Singapore,retired,2025-11-01,0,1,579,5000,3040,63,74,,0.0,0,0,53.5,2,0,1
ASSET-10469,U8884,,01/06/2025,msi,Modern 14,Ryzen 7 4800U,32,256,HDD,Windows 10,HCM,in_use,,0,1,565,,2657,92,57.0,1,0,—,0,33.0,1,1,0
ASSET-10470,U2427,25-May-2019,2021/5/14,lenovo,X1 Carbon,M1,32 GB,"1,024",SSD,macOS 13,Singapore,in_use,,0,0,163,5200,5126,70.0,49,0,0,0,0,15.2.0,1,0,0
ASSET-10471,U3745,,07-10-2022,Hp,ZBook 15,Ryzen 7 4800U,32,1024,HDD,macOS 13,Tokyo,in_use,,0,0,,,3631,79,65,0,0.0,0.0,,21.5,3,0,0
ASSET-10472,U4802,2019/10/25,10-19-2020,asus,ROG Zephyrus G14,i7-8650U,16,512,SSD,Windows 11,HCM,in_use,,0,0,314,"5,000",2988,64,67 C,0,0,,0,12.2,1,0,0
ASSET-10473,U3125,2023/2/9,24-Jan-2026,Dell,Latitude 5420,Ryzen 7 4800U,,256,SSD,macOS 13,HN,retired,,0,1,,4500,,65,—,0.0,,—,0,60.1,,1,0
ASSET-10474,U2426,2024-02-11,05/02/2025,asus,ROG Zephyrus G14,Ryzen 7 4800U,16,512 GB,HDD,Ubuntu 22.04,Tokyo,in_use,,0,0,277,5000,4545,70,68,0,0,0,0.0,50.1,,0,0
ASSET-10475,U4249,20-Dec-2023,04-Dec-2026,acer,Swift 3,i5-1135G7,8,512,SSD,Windows 11,HN,in_use,,0,0,286,5800,5297,79,68,0,0,,0,49.7,0,0,0
ASSET-10476,U3001,26-Jun-2024,2027-06-11,Hp,Envy 13,M2,8,256,HDD,Ubuntu 22.04,HN,in_use,,0,1,—,4000,2030,80,63,,0,0,,36.8 h,3,0,0
ASSET-10477,U3265,2024/10/26,2025-10-21,MSI,Prestige 14,i5-8250U,32,256,SSD,Ubuntu 22.04,Hue,in_use,,0,0,219,4000,4200,83,68 C,0,0,0,0.0,35.9,,0,0
ASSET-10478,U4871,,2026/4/22,HP,ZBook 15  ,Ryzen 7 4800U,8,512,SSD,Ubuntu 22.04,HN,in_use,,0,0,320,4500,2937 mAh,,67,0,0,0,,84.2,,0,0
ASSET-10479,U9189,16-Jan-2020,31/12/2022,Âcer,TravelMate P2,i5-1135G7,,—,SSD,Windows 11,HN,retired,30-Dec-2020,0,0,210,4000,—,84 C,—,1,,0,,,1.0,0,1
ASSET-10480,U4507,01/06/2019,,ACER,TravelMate P2,M1,16,512,SSD,macOS 13,HCM,in_use,,0,0,—,"4,500",2943,91,77,,0.0,,0,79.8,,1,0
ASSET-10481,U6733,08/04/2023,,msi,Prestige 14,i5-8250U,8,1024,NVMe,macOS 13,Singapore,in_repair,,0,1,,,4454,68,74,1.0,0,,0,15.3,,0,0
ASSET-10482,U3017,01-22-2023,,Lenovo,L14,i7-1185G7,,512,HDD,Windows 10,HN,in_use,,0,0,,"5,800",5078,75,57 C,0,0,0,0,44.0,1,0,0
ASSET-10483,U7644,2024/7/26,2027-07-11,LENOVO,X1 Carbon,M1,16,"1,024",SSD,Ubuntu 22.04,Hue,retired,06-03-2026,0,0,464,,4221,85,,,,—,1,,0,0,1
ASSET-10484,U9011,25/10/2020,15/10/2022,M S I,Modern 14,i5-8250U,,—,NVMe,Ubuntu 22.04,Hue,in_use,,0,0,5,4000.0,—,,68,0.0,0,0,0,57.3,0,0,0
ASSET-10485,U1285,18/11/2023,2024/11/12,Dell,Latitude 5420,Ryzen 7 4800U,16,512,NVMe,macOS 12,Singapore,in_use,,0,0,45,,4191,83,79,0,0,0.0,,59.4 h,,0,0
ASSET-10486,U7602,2023-08-27,16/08/2025,Lenov0,X1 Carbon,Ryzen 7 4800U,,1024,SSD,Windows 10,HCM,in_use,,0,0,412,4000,3234,,65,0,0,0,0,,1,0,0
ASSET-10487,U9222,05/06/2019,20-May-2022,Asuss,ROG Zephyrus G14,M2,16 GB,1024,NVMe,macOS 12,Tokyo,in_use,,0,1,372,4500.0,3128 mAh,—,73,1,,0,0,34.5,,1,0
ASSET-10488,U2866,02-Jan-2024,27-Dec-2024,asus,ROG Zephyrus G14,Ryzen 5 4500U,8,512,NVMe,Windows 11,HCM,in_use,,1,0,327,4500,3680,91,65,0,0,0,—,13.3 h,0,1,0
ASSET-10489,U8281,04-02-2019,2022-03-17,lenovo,T480,Ryzen 5 4500U,32,1024,SSD,Windows 10,Singapore,in_repair,,0,0,500,5200,"4,075",90,60,0.0,0,0,,,5,0,0
ASSET-10490,U7230,15-Dec-2019,12-04-2021,dell,Latitude 7420,i7-8650U,32,,SSD,Windows 11,Singapore,in_use,,1,0,275,5200 mAh,3220,78,78,0,,,0.0,44.7,2,0,0
ASSET-10491,U5065,2020/12/26,,A pple,MacBook Pro 14,i7-1185G7,16,,HDD,Ubuntu 22.04,HCM,in_use,,0,0,192,5200.0,4297,72,68 C,0,0,0,0.0,2.6,1,0,0
ASSET-10492,U3332,2020-10-16,2022-10-06,lenovo,L14,i7-1185G7,32,512,HDD,macOS 13,Singapore,in_use,,0,0,,4500.0,3069,300 C,,1,0,0,,,3,0,0
ASSET-10493,U6861,10-30-2020,,ACER,Swift 3,i7-8650U,8.0,256,HDD,macOS 12,HCM,in_use,,0,0,184,5000,3774 mAh,92,62,0,0,0,0.0,56.7,4,1,0
ASSET-10494,U8933,25-Sep-2019,09/09/2022,Lenovo,L14,Ryzen 5 4500U,32,—,NVMe,macOS 13,Tokyo,in_use,,1,1,,"4,000",2867,78,68,0,0,0,0,24.5,0,0,0
ASSET-10495,U8214,30-Jun-2022,14-Jun-2025,Asus,VivoBook 15,Ryzen 5 4500U,32,256,HDD,Ubuntu 22.04,Singapore,in_use,,0,1,,5000,4293,81 C,70,0.0,0,0.0,,,2,0,0
ASSET-10496,U6150,15/10/2021,,DELL,Precision 3560,Ryzen 5 4500U,16,512,NVMe,Windows 10,Hue,retired,11-21-2022,0,0,,5200,3779,120,75,0,0,0,0.0,46.7.0,1.0,1,1
ASSET-10497,U9028,2023-12-20,2025/12/9,MSI,Prestige 14,i5-8250U,32,512,HDD,Ubuntu 22.04,HN,in_use,,0,0,260.0,4500 mAh,,75,56,0.0,0,—,0,79.1,2.0,0,0
ASSET-10498,U3865,,05-Sep-2022,Dell,Latitude 5420,M2,,512,NVMe,macOS 12,DN,in_use,,0,0,—,5200 mAh,4422,77,54,0,0,0.0,,10.5,2,0,0
ASSET-10499,U9102,07-Jun-2020,,apple,MacBook Pro 14,i5-1135G7,32,1024.0,HDD,macOS 12,HCM,in_repair,,0,0,,—,,92,61,0,0,0.0,0.0,71.6,2,0,0
ASSET-10500,U7037,20-Dec-2021,2024/12/4,ACER,Swift 3  ,i5-1135G7,8.0,"1,024",NVMe,Windows 11,Singapore,in_use,,1,0,165.0,5000,2518 mAh,,,1,—,0,,38.3,2,1,0
ASSET-10501,U8385,01/12/2023,20-Nov-2025,M S I,Modern 14,i7-1185G7,32,512,NVMe,Windows 11,Hue,in_use,,0,0,581.0,,3066,88,,0,0,0,0,39.6,,0,0
ASSET-10502,U4759,17-Sep-2022,12-Sep-2023,Delll,XPS 13,i5-8250U,,1024.0,NVMe,Windows 10,Singapore,in_repair,,0,0,499,"4,000","3,557",73,76 C,1,,0,0,28.6,2,0,0
ASSET-10503,U6251,2021-09-13,28-Aug-2024,Âcer,TravelMate P2,i5-1135G7,32,512,NVMe,macOS 13,Tokyo,in_use,,0,0,246,5000,"4,319",80,68,0,0,—,1,18.1,1,0,0
ASSET-10504,U5139,2020-12-17,2022-12-07,Apple,MacBook Pro 14,i7-1185G7,32,1024,SSD,macOS 13,Hue,in_use,,0,0,,4500,,85,76,,0,0,0,38.2,1,0,0
ASSET-10505,U1266,2019/9/16,31-Aug-2022,Delll,Latitude 5420,M2,16,512,SSD,Windows 10,HCM,in_use,,0,0,,5800 mAh,—,,61,2,0,0,0,41.1,1,0,0
ASSET-10506,U6068,2023-08-01,16/07/2026,DELL,XPS 13,i7-8650U,8.0,,SSD,Windows 10,Hue,in_use,,0,0,,5200,3654.0,76,85,1.0,—,,0,21.4,0,0,0
ASSET-10507,U9874,19-Aug-2022,2023/8/14,lenovo,L14,Ryzen 5 4500U,32,,SSD,macOS 13,Singapore,in_use,,0,0,129,4000,3528,,74,0,0,0,0,29.0,2,0,0
ASSET-10508,U1501,02-28-2023,2026-02-12,Lenovo,X1 Carbon,Ryzen 7 4800U,16,256,NVMe,macOS 12,Hue,in_use,,0,0,272.0,4000,3727,68,77,,,0,0,,4,0,0
ASSET-10509,U9363,07-11-2022,07-06-2023,HP,ZBook 15,M2,16,1024,SSD,Windows 11,Hue,in_use,,0,1,284,5000,4794,78,83.0,,,0,0.0,12.8,2,0,0
ASSET-10510,U6678,17-Apr-2022,06-Apr-2024,DELL,Latitude 5420,i5-8250U,16,512,NVMe,Windows 11,HCM,in_use,,2,0,,5800,"5,922",80,66 C,0,,,0,59.5,1,0,0
ASSET-10511,U1082,2019-08-28,2020-08-22,Âcer,Aspire 5,i5-1135G7,8,1024,HDD,macOS 12,HN,in_use,,0,0,,,4200,84,71,0,,—,0.0,,,0,0
ASSET-10512,U1714,25-Jan-2023,20/01/2024,A pple,MacBook Pro 13,M2,8,"1,024",SSD,Windows 11,HCM,retired,,0,0,263,4000,—,71,68,0,0.0,0,0,,4,1,0
ASSET-10513,U5571,04-18-2024,13/04/2025,Dell,XPS 13,i7-8650U,32,,NVMe,Windows 11,Hue,in_use,,0,0,464.0,,4223,80,60.0,0,,0,0,48.8,3,0,0
ASSET-10514,U9682,2019/9/5,2021-08-25,DELL,Precision 3560,M1,8,1024,HDD,macOS 12,HN,in_repair,,0,0,199,"5,800","3,893",63,74,0,0,0.0,,,4.0,0,0
ASSET-10515,U6497,14/12/2022,12-09-2023,apple,MacBook Pro 14,M1,,256,NVMe,Windows 11,Tokyo,in_use,,0,1,194,,2608,—,80,0,0,0,0,67.1 h,2,0,0
ASSET-10516,U7374,2019-08-10,07-25-2022,apple,MacBook Pro 14,i5-1135G7,,,HDD,macOS 13,DN,in_use,,0,1,—,,2794.0,66,56,1,0,,,0.0.0,1,0,0
ASSET-10517,U6685,2021-11-29,19-Nov-2023,acer,Swift 3,Ryzen 7 4800U,8,512,HDD,Windows 10,Hue,in_use,,0,0,246,4000 mAh,,74,71,,,0.0,0,68.3,1,0,0
ASSET-10518,U3065,2019-05-09,2020/5/3,H-P,ZBook 15,Ryzen 5 4500U,8,256,NVMe,Ubuntu 22.04,Tokyo,in_use,,0,0,234.0,5800,"3,831",78 C,78,,0.0,,,29.6,2,0,0
ASSET-10519,U1963,10-29-2019,2022-10-13,M S I,GF65,M2,,512,SSD,Windows 11,Hue,in_use,,0,0,113,5800,4018,67,,0.0,0,0,0,52.0 h,,0,0
ASSET-10275,U8242,2020-07-29,2021/7/24,apple,MacBook Air,Ryzen 5 4500U,16,512,NVMe,Windows 11,Hue,retired,06-01-2022,0,0,328,5000,4510,79,76,0,0,,0,41.4,,0,1
ASSET-10093,U4727,07/09/2019,08-27-2021,A pple,MacBook Pro 14  ,M1,32,1024,HDD,macOS 13,HN,in_repair,,0,0,70,,4363,84,78,,0,,,,0,0,0
ASSET-10006,U3724,23-Jul-2023,12/07/2025,LENOVO,T14 Gen2,M1,8,256,HDD,Windows 10,Hue,in_use,,0,0,313,,"3,525",78,54,1,0,,0,23.8,5,0,0
ASSET-10167,U2985,,30/12/2024,Âcer,Aspire 5,M1,8,1024,NVMe,Windows 10,DN,in_use,,0,0,164,5800,"4,064",82 C,—,0,0,0,0.0,,,0,0
ASSET-10090,U4899,2022/11/21,2024-11-10,Acer,Swift 3,i7-8650U,32,,NVMe,Ubuntu 22.04,Hue,in_use,,0,0,345.0,4000.0,,77.0,74,1.0,0.0,0,0,35.1,3,0,0
ASSET-10513,U5571,04-18-2024,13/04/2025,Dell,XPS 13,i7-8650U,32,,NVMe,Windows 11,Hue,in_use,,0,0,464.0,,4223,80,60.0,0,,0,0,48.8,3,0,0
ASSET-10362,U4420,01-Oct-2019,2020/9/25,HP,ZBook 15,i5-1135G7,8,512,SSD,Windows 11,Hue,in_use,,0,0,,4500.0,3890,77,67,1,,0,1.0,61.8,4,0,0
ASSET-10228,U3575,13/03/2023,2025-03-02,A pple,MacBook Pro 14,i5-1135G7,8.0,512 GB,HDD,macOS 13,DN,in_use,,0,0,221,"4,500",,74,75,,0,0,0,55.4,,0,0
ASSET-10192,U3958,18/03/2019,02-Mar-2022,Âcer,TravelMate P2,i5-1135G7,,512,SSD,macOS 12,DN,in_use,,0,0,398,"5,800",3013,76,74,0.0,0,0,0,40.9,1,1,0
ASSET-10482,U3017,01-22-2023,,Lenovo,L14,i7-1185G7,,512,HDD,Windows 10,HN,in_use,,0,0,,"5,800",5078,75,57 C,0,0,0,0,44.0,1,0,0
ASSET-10218,U4485,2024-09-21,2026-09-11,Apple,MacBook Air,i7-8650U,16,256,HDD,Windows 10,HN,in_use,,0,0,288.0,"5,800",3957,79,65,1,0.0,0,0,,3,0,0
ASSET-10180,U5663,2022/11/13,2024/11/2,H-P,EliteBook 840,M2,32,,SSD,macOS 12,Tokyo,in_use,,0,1,489,—,"3,612",74,80,0,,0,0,—,1.0,0,0
ASSET-10307,U5921,2019/12/13,2020-12-07,H-P,Envy 13,M1,16,256,HDD,macOS 12,Hue,in_use,,1,0,374.0,,2780,76,59,0,0,0,0,51.8 h,0,0,0
ASSET-10508,U1501,02-28-2023,2026-02-12,Lenovo,X1 Carbon,Ryzen 7 4800U,16,256,NVMe,macOS 12,Hue,in_use,,0,0,272.0,4000,3727,68,77,,,0,0,,4,0,0
ASSET-10010,U4644,2021-03-28,18-Mar-2023,LENOVO,L14,i7-1185G7,8,256,NVMe,Windows 11,Hue,in_use,,0,0,167.0,,3807,74,80,0,,0,0.0,40.2,2.0,0,0
ASSET-10381,U7752,2019-07-28,2020-07-22,A pple,MacBook Air,i5-1135G7,32,512,NVMe,macOS 12,HN,in_use,,0,0,238,5200,2732,,66,0,0,0,0,54.4,0,1,0
ASSET-10371,U8772,2020-07-21,11-Jul-2022,Apple,MacBook Pro 14,Ryzen 5 4500U,16,256 GB,NVMe,macOS 12,DN,in_use,,0,0,214,5200,,87,77,,0.0,,0,32.1,,0,0
ASSET-10030,U7686,19-Feb-2022,14/02/2023,msi,Prestige 14  ,i7-1185G7,16,512,SSD,Ubuntu 22.04,HCM,in_use,,0,0,101,—,"5,123",87,67,,0.0,0,0,37.7,1,0,0
ASSET-10494,U8933,25-Sep-2019,09/09/2022,Lenovo,L14,Ryzen 5 4500U,32,—,NVMe,macOS 13,Tokyo,in_use,,1,1,,"4,000",2867,78,68,0,0,0,0,24.5,0,0,0
ASSET-10137,U2753,2024-06-11,2025-06-06,Lenvo,T14 Gen2,M1,32,512,NVMe,macOS 13,Tokyo,in_use,,0,0,290,5800,4638,79,78 C,0,0,0,0,,0,0,0
